contact_id,full_name,gender,age,email,phone,city,job_title,company,gym_frequency,office_worker_type,product_interest,source,utm_source,utm_medium,utm_campaign,create_date,last_activity_date,lifecycle_stage,lead_score,lead_score_delta,email_opens_30d,email_ctr_30d,page_views_30d,sessions_30d,zalo_subscribed,coolclub_member,total_orders,total_revenue,deal_stage,campaign_month
HS-10000,Võ Đức Minh,Nam,26,minh.võ26@hotmail.com,84938571029,Đồng Nai,Marketing Executive,Agency,Không đi,Không áp dụng,Áo Polo Anti-Smell,Google Search,google_search,owned,tech_wear_launch_2025,2024-10-05,2024-10-08,Customer,44,29,4,0.0478,9,4,Yes,Yes,3,1147431,Closed Won,T5
HS-10001,Võ Hữu Vy,Nữ,32,vy.võ@outlook.com,84983301629,TP.HCM,Marketing Executive,Agency,3-4 lần/tuần,Remote,Quần Jogger Anti-Smell,TikTok Ads,tiktok_ads,cpc,tech_wear_launch_2025,2024-10-06,2024-12-03,Customer,79,64,9,0.0604,15,4,Yes,Yes,2,1095391,Closed Won,T5
HS-10002,Vũ Thị Thảo,Nữ,30,thao.vũ82@yahoo.com,84997440035,Cần Thơ,UI/UX Designer,Digital Agency,3-4 lần/tuần,Remote,Áo Thun Kỹ Thuật,Organic Search,organic_search,organic,tech_wear_launch_2025,2024-10-27,2024-11-30,Customer,81,66,7,0.069,11,3,Yes,Yes,2,929428,Closed Won,T5
HS-10003,Võ Thị Hà,Nữ,32,ha.võ@hotmail.com,84956329974,Hà Nội,Marketing Executive,Agency,5+ lần/tuần,Hybrid,Set Office-Gym,TikTok Ads,tiktok_ads,cpc,tech_wear_launch_2025,2024-11-03,2024-11-11,SQL,96,81,6,0.0836,8,4,Yes,No,0,0,No Deal,T5
HS-10004,Trần Thị Khánh,Nam,27,khanh.trần@outlook.com,84992456699,Đồng Nai,Product Manager,E-commerce,5+ lần/tuần,Không áp dụng,Áo Polo Ex-Dry,TikTok Ads,tiktok_ads,cpc,tech_wear_launch_2025,2024-12-16,2024-12-30,Customer,100,85,0,0.0426,18,0,Yes,Yes,2,925810,Closed Won,T5
HS-10005,Nguyễn Quốc Huy,Nam,27,huy.nguyễn@gmail.com,84956972064,Cần Thơ,HR Manager,Ngân hàng,3-4 lần/tuần,Hybrid,Set Office-Gym,Facebook Ads,facebook_ads,cpc,tech_wear_launch_2025,2024-10-20,2024-12-06,Customer,95,80,4,0.0534,10,2,No,Yes,1,692775,Closed Won,T5
HS-10006,Trịnh Thị Sơn,Nam,37,son.trịnh@yahoo.com,84949518373,Đồng Nai,Software Engineer,Startup Tech,1-2 lần/tuần,Hybrid,Áo Polo Anti-Smell,Zalo OA,zalo_oa,owned,tech_wear_launch_2025,2024-12-24,2024-12-31,Customer,86,71,9,0.0748,10,4,No,Yes,1,631170,Closed Won,T5
HS-10007,Vũ Đức Mai,Nữ,32,mai.vũ@outlook.com,84995608993,TP.HCM,Software Engineer,Startup Tech,1-2 lần/tuần,Văn phòng toàn thời gian,Áo Polo Anti-Smell,TikTok Ads,tiktok_ads,cpc,tech_wear_launch_2025,2024-10-10,2024-12-29,Customer,77,62,6,0.0407,7,0,Yes,Yes,2,976482,Closed Won,T5
HS-10008,Lý Bá Trang,Nữ,25,trang.lý69@hotmail.com,84927542374,TP.HCM,Marketing Executive,Agency,5+ lần/tuần,Không áp dụng,Combo Tech-Wear,TikTok Ads,tiktok_ads,cpc,tech_wear_launch_2025,2024-10-07,2025-01-01,SQL,82,67,6,0.0459,9,1,No,No,0,0,No Deal,T5
HS-10009,Phạm Văn Diễm,Nữ,22,diễm.phạm@outlook.com,84968399105,Hải Phòng,Brand Manager,Thời trang,1-2 lần/tuần,Không áp dụng,Áo Thun Kỹ Thuật,Email Marketing,email_marketing,owned,tech_wear_launch_2025,2024-12-02,2024-12-17,Customer,85,70,5,0.0561,9,0,Yes,Yes,1,712085,Closed Won,T5
HS-10010,Đặng Đức Hải,Nam,23,hai.dặng@yahoo.com,84984723398,Hải Phòng,Data Analyst,Công ty Công nghệ,5+ lần/tuần,Hybrid,Áo Polo Ex-Dry,Facebook Ads,facebook_ads,cpc,tech_wear_launch_2025,2024-10-08,2024-12-12,Customer,47,32,5,0.0141,10,1,Yes,No,1,691251,Closed Won,T5
HS-10011,Trịnh Ly,Nữ,30,ly.trịnh@gmail.com,84919663750,TP.HCM,Sales Manager,FMCG,1-2 lần/tuần,Remote,Quần Jogger Anti-Smell,Google Search,google_search,owned,tech_wear_launch_2025,2024-11-20,2024-11-28,Customer,90,75,6,0.0344,8,0,Yes,Yes,2,1191801,Closed Won,T5
HS-10012,Vũ Thành Sơn,Nam,27,son.vũ37@yahoo.com,84953313487,Đà Nẵng,Business Analyst,Tập đoàn Tài chính,3-4 lần/tuần,Văn phòng toàn thời gian,Set Office-Gym,Organic Search,organic_search,organic,tech_wear_launch_2025,2024-12-25,2024-12-29,SQL,80,65,4,0.0357,13,4,No,No,0,0,No Deal,T5
HS-10013,Lê Bá Hương,Nữ,30,huong.le@outlook.com,84984679364,TP.HCM,Financial Analyst,Investment Fund,3-4 lần/tuần,Hybrid,Áo Thun Kỹ Thuật,Facebook Ads,facebook_ads,cpc,tech_wear_launch_2025,2024-11-26,2024-12-31,Customer,46,31,5,0.0185,5,1,Yes,Yes,2,1166736,Closed Won,T5
HS-10014,Đỗ Văn Đức,Nam,33,duc.dỗ95@outlook.com,84962941204,TP.HCM,Content Creator,Media,Không đi,Remote,Set Office-Gym,Google Search,google_search,owned,tech_wear_launch_2025,2024-12-11,2024-12-24,Customer,85,70,7,0.0898,9,3,Yes,Yes,1,529060,Closed Won,T5
HS-10015,Trần Mạnh Cường,Nam,28,cuong.trần@hotmail.com,84996984642,Đà Nẵng,Marketing Executive,Agency,1-2 lần/tuần,Văn phòng toàn thời gian,Áo Thun Kỹ Thuật,TikTok Ads,tiktok_ads,cpc,tech_wear_launch_2025,2024-12-24,2024-12-27,SQL,90,75,2,0.0462,9,2,Yes,No,0,0,No Deal,T5
HS-10016,Võ Hữu Sơn,Nam,30,son.võ69@yahoo.com,84956552248,TP.HCM,Accountant,Công ty Sản xuất,3-4 lần/tuần,Remote,Combo Tech-Wear,Facebook Ads,facebook_ads,cpc,tech_wear_launch_2025,2024-11-25,2024-12-27,Customer,84,69,8,0.0274,10,3,Yes,Yes,1,564022,Closed Won,T5
HS-10017,Đặng Quốc,Nam,35,quoc.dặng27@hotmail.com,84984736130,Hà Nội,Business Analyst,Tập đoàn Tài chính,1-2 lần/tuần,Hybrid,Quần Jogger Anti-Smell,TikTok Ads,tiktok_ads,cpc,tech_wear_launch_2025,2024-11-23,2024-12-17,Customer,81,66,8,0.0647,10,0,Yes,Yes,2,1066857,Closed Won,T5
HS-10018,Lý Hữu Quân,Nam,24,quan.lý@gmail.com,84968534572,Hà Nội,Brand Manager,Thời trang,3-4 lần/tuần,Văn phòng toàn thời gian,Set Office-Gym,TikTok Ads,tiktok_ads,cpc,tech_wear_launch_2025,2024-10-31,2024-12-13,SQL,85,70,6,0.0179,6,1,Yes,No,0,0,No Deal,T5
HS-10019,Vũ Hữu Hà,Nữ,22,ha.vũ@outlook.com,84966742412,TP.HCM,Brand Manager,Thời trang,1-2 lần/tuần,Không áp dụng,Áo Thun Kỹ Thuật,Organic Search,organic_search,organic,tech_wear_launch_2025,2024-10-07,2024-12-17,Customer,78,63,8,0.0584,9,3,No,Yes,2,1252453,Closed Won,T5
HS-10020,Lý Mạnh Hoa,Nữ,29,hoa.lý70@gmail.com,84927258157,Đồng Nai,Business Analyst,Tập đoàn Tài chính,5+ lần/tuần,Hybrid,Áo Polo Anti-Smell,Facebook Ads,facebook_ads,cpc,tech_wear_launch_2025,2024-11-05,2024-12-03,Customer,85,70,3,0.0444,7,2,Yes,Yes,1,510034,Closed Won,T5
HS-10021,Ngô Thành Giang,Nam,36,giang.ngo@yahoo.com,84972330080,Hà Nội,HR Manager,Ngân hàng,5+ lần/tuần,Văn phòng toàn thời gian,Combo Tech-Wear,Facebook Ads,facebook_ads,cpc,tech_wear_launch_2025,2024-12-13,2024-12-25,Customer,51,36,5,0.0245,5,4,Yes,Yes,3,1612762,Closed Won,T5
HS-10022,Huỳnh Mạnh Hà,Nữ,26,ha.huỳnh59@outlook.com,84953898207,Bình Dương,Content Creator,Media,Không đi,Văn phòng toàn thời gian,Combo Tech-Wear,TikTok Ads,tiktok_ads,cpc,tech_wear_launch_2025,2024-12-22,2024-12-28,Customer,56,41,1,0.0386,5,3,Yes,Yes,2,1067547,Closed Won,T5
HS-10023,Lý Văn Thảo,Nữ,23,thao.lý@yahoo.com,84969833442,Hà Nội,Operations Manager,Logistics,Không đi,Văn phòng toàn thời gian,Áo Polo Ex-Dry,Facebook Ads,facebook_ads,cpc,tech_wear_launch_2025,2024-11-01,2024-11-13,Customer,49,34,6,0.0208,3,0,No,Yes,2,1093408,Closed Won,T5
HS-10024,Huỳnh Quốc Khánh,Nam,22,khanh.huỳnh55@outlook.com,84918630538,Hà Nội,Software Engineer,Startup Tech,5+ lần/tuần,Hybrid,Combo Tech-Wear,TikTok Ads,tiktok_ads,cpc,tech_wear_launch_2025,2024-10-10,2024-12-24,Customer,82,67,7,0.0314,13,0,Yes,Yes,1,574198,Closed Won,T5
HS-10025,Ngô Thành Mai,Nữ,36,mai.ngo60@hotmail.com,84953130094,Hải Phòng,Brand Manager,Thời trang,3-4 lần/tuần,Không áp dụng,Áo Thun Kỹ Thuật,Facebook Ads,facebook_ads,cpc,tech_wear_launch_2025,2024-11-29,2024-12-26,Customer,84,69,6,0.0346,13,3,Yes,Yes,2,709507,Closed Won,T5
HS-10026,Phan Thành Khải,Nam,30,khai.phan@hotmail.com,84967931450,Hà Nội,IT Manager,Bất động sản,3-4 lần/tuần,Văn phòng toàn thời gian,Áo Polo Anti-Smell,Facebook Ads,facebook_ads,cpc,tech_wear_launch_2025,2024-12-06,2024-12-12,SQL,96,81,6,0.0386,11,3,Yes,No,0,0,No Deal,T5
HS-10027,Trịnh Thành Đức,Nam,38,duc.trịnh96@yahoo.com,84934326895,Hà Nội,Project Manager,Xây dựng,3-4 lần/tuần,Remote,Set Office-Gym,TikTok Ads,tiktok_ads,cpc,tech_wear_launch_2025,2024-12-29,2025-01-01,Customer,59,44,1,0.0537,4,1,Yes,No,1,449521,Closed Won,T5
HS-10028,Phan Quốc Mai,Nữ,33,mai.phan@hotmail.com,84971561865,TP.HCM,Marketing Executive,Agency,1-2 lần/tuần,Remote,Set Office-Gym,Facebook Ads,facebook_ads,cpc,tech_wear_launch_2025,2024-10-06,2024-10-12,Customer,79,64,7,0.0677,10,0,Yes,Yes,2,859589,Closed Won,T5
HS-10029,Lê Bá Bình,Nam,24,binh.le@yahoo.com,84976498855,Bình Dương,Project Manager,Xây dựng,1-2 lần/tuần,Hybrid,Áo Polo Ex-Dry,Google Search,google_search,owned,tech_wear_launch_2025,2024-12-12,2024-12-21,Customer,76,61,5,0.0343,18,3,No,Yes,2,1180405,Closed Won,T5
HS-10030,Trịnh Văn Phương,Nữ,25,phuong.trịnh@hotmail.com,84947134225,TP.HCM,Accountant,Công ty Sản xuất,Không đi,Hybrid,Quần Jogger Anti-Smell,Google Search,google_search,owned,tech_wear_launch_2025,2024-10-31,2024-11-11,Customer,76,61,6,0.0218,14,3,Yes,Yes,1,654890,Closed Won,T5
HS-10031,Vũ Quốc Thảo,Nữ,28,thao.vũ@hotmail.com,84925591465,Hà Nội,IT Manager,Bất động sản,1-2 lần/tuần,Remote,Áo Thun Kỹ Thuật,Facebook Ads,facebook_ads,cpc,tech_wear_launch_2025,2024-10-19,2024-10-28,MQL,69,54,8,0.0776,12,4,No,No,0,0,No Deal,T5
HS-10032,Lê Văn Thu,Nữ,35,thu.le@yahoo.com,84984557058,Hải Phòng,Content Creator,Media,Không đi,Văn phòng toàn thời gian,Quần Jogger Anti-Smell,Facebook Ads,facebook_ads,cpc,tech_wear_launch_2025,2024-10-30,2024-11-01,Customer,62,47,7,0.0451,10,3,Yes,Yes,3,1447380,Closed Won,T5
HS-10033,Bùi Thành Nhi,Nữ,25,nhi.bùi99@hotmail.com,84975964998,TP.HCM,Brand Manager,Thời trang,5+ lần/tuần,Remote,Set Office-Gym,Facebook Ads,facebook_ads,cpc,tech_wear_launch_2025,2024-12-24,2024-12-30,Customer,82,67,7,0.0793,11,2,Yes,Yes,1,659747,Closed Won,T5
HS-10034,Đinh Thành Hải,Nam,37,hai.dinh@yahoo.com,84930425845,Đồng Nai,Accountant,Công ty Sản xuất,1-2 lần/tuần,Remote,Áo Polo Ex-Dry,TikTok Ads,tiktok_ads,cpc,tech_wear_launch_2025,2024-12-10,2024-12-14,Customer,64,49,9,0.042,6,0,No,Yes,2,1106525,Closed Won,T5
HS-10035,Phạm Mạnh Bình,Nam,26,binh.phạm@yahoo.com,84918389666,Đà Nẵng,Software Engineer,Startup Tech,3-4 lần/tuần,Không áp dụng,Quần Jogger Anti-Smell,Email Marketing,email_marketing,owned,tech_wear_launch_2025,2024-12-01,2024-12-31,Customer,48,33,4,0.0512,9,4,No,Yes,2,1123387,Closed Won,T5
HS-10036,Đặng Quốc Linh,Nữ,37,linh.dặng@yahoo.com,84962145767,TP.HCM,Financial Analyst,Investment Fund,3-4 lần/tuần,Remote,Combo Tech-Wear,TikTok Ads,tiktok_ads,cpc,tech_wear_launch_2025,2024-12-10,2024-12-27,Customer,50,35,2,0.0199,12,1,Yes,Yes,2,945858,Closed Won,T5
HS-10037,Lý Văn Lan,Nữ,38,lan.lý@outlook.com,84953753534,Bình Dương,Product Manager,E-commerce,5+ lần/tuần,Văn phòng toàn thời gian,Áo Polo Ex-Dry,TikTok Ads,tiktok_ads,cpc,tech_wear_launch_2025,2024-12-07,2024-12-21,Customer,90,75,6,0.0677,11,3,Yes,Yes,2,550869,Closed Won,T5
HS-10038,Lý Vy,Nữ,24,vy.lý8@outlook.com,84955493049,TP.HCM,Data Analyst,Công ty Công nghệ,1-2 lần/tuần,Văn phòng toàn thời gian,Quần Jogger Anti-Smell,Google Search,google_search,owned,tech_wear_launch_2025,2024-11-25,2024-12-01,Customer,57,42,7,0.0492,4,0,Yes,No,1,674309,Closed Won,T5
HS-10039,Huỳnh Thị Nam,Nam,34,nam.huỳnh@yahoo.com,84919563187,Bình Dương,Accountant,Công ty Sản xuất,1-2 lần/tuần,Hybrid,Combo Tech-Wear,Google Search,google_search,owned,tech_wear_launch_2025,2024-11-29,2024-12-15,Customer,40,25,3,0.0137,6,2,No,No,1,600892,Closed Won,T5
HS-10040,Dương Quốc Yến,Nữ,34,yến.duong@gmail.com,84987881369,Đà Nẵng,Marketing Executive,Agency,3-4 lần/tuần,Remote,Combo Tech-Wear,Facebook Ads,facebook_ads,cpc,tech_wear_launch_2025,2024-12-29,2024-12-31,Customer,53,38,8,0.0517,5,4,Yes,Yes,3,905204,Closed Won,T5
HS-10041,Phan Quốc Trang,Nữ,26,trang.phan@yahoo.com,84935238579,Đồng Nai,Brand Manager,Thời trang,Không đi,Remote,Set Office-Gym,Facebook Ads,facebook_ads,cpc,tech_wear_launch_2025,2024-11-26,2024-11-28,SQL,83,68,6,0.0343,11,2,Yes,No,0,0,No Deal,T5
HS-10042,Võ Mạnh Hoa,Nữ,31,hoa.võ@hotmail.com,84957805511,Hải Phòng,IT Manager,Bất động sản,5+ lần/tuần,Văn phòng toàn thời gian,Áo Polo Ex-Dry,Organic Search,organic_search,organic,tech_wear_launch_2025,2024-10-19,2024-11-16,Customer,72,57,9,0.0558,8,2,Yes,Yes,2,1012383,Closed Won,T5
HS-10043,Vũ Mạnh Mai,Nữ,32,mai.vũ31@yahoo.com,84959575679,Bình Dương,Data Analyst,Công ty Công nghệ,5+ lần/tuần,Remote,Áo Polo Ex-Dry,Facebook Ads,facebook_ads,cpc,tech_wear_launch_2025,2024-12-23,2024-12-29,Customer,75,60,4,0.0435,14,3,No,Yes,2,866500,Closed Won,T5
HS-10044,Hoàng Bá Ly,Nữ,25,ly.hoàng@outlook.com,84917517479,Đà Nẵng,Brand Manager,Thời trang,Không đi,Remote,Quần Jogger Anti-Smell,Google Search,google_search,owned,tech_wear_launch_2025,2024-10-28,2024-12-23,Customer,68,53,10,0.04,10,2,Yes,Yes,2,468737,Closed Won,T5
HS-10045,Phan Văn Nghĩa,Nam,32,nghia.phan@outlook.com,84932215266,TP.HCM,Data Analyst,Công ty Công nghệ,1-2 lần/tuần,Văn phòng toàn thời gian,Áo Polo Anti-Smell,Zalo OA,zalo_oa,owned,tech_wear_launch_2025,2024-12-10,2024-12-16,Customer,55,40,5,0.0266,9,1,Yes,No,1,505622,Closed Won,T5
HS-10046,Trịnh Thành Trang,Nữ,27,trang.trịnh@outlook.com,84968774591,Hà Nội,Data Analyst,Công ty Công nghệ,5+ lần/tuần,Văn phòng toàn thời gian,Set Office-Gym,Facebook Ads,facebook_ads,cpc,tech_wear_launch_2025,2024-10-09,2024-12-08,Customer,55,40,3,0.0497,9,0,Yes,No,1,531433,Closed Won,T5
HS-10047,Lý Mạnh Mai,Nữ,24,mai.lý@gmail.com,84999219971,Hà Nội,Software Engineer,Startup Tech,1-2 lần/tuần,Remote,Áo Polo Ex-Dry,Google Search,google_search,owned,tech_wear_launch_2025,2024-12-19,2024-12-29,Customer,67,52,8,0.0638,7,4,Yes,Yes,1,582147,Closed Won,T5
HS-10048,Vũ Bá Thu,Nữ,36,thu.vũ@gmail.com,84965201255,Hà Nội,Sales Manager,FMCG,3-4 lần/tuần,Không áp dụng,Áo Polo Ex-Dry,TikTok Ads,tiktok_ads,cpc,tech_wear_launch_2025,2024-11-10,2024-12-22,Customer,81,66,6,0.056,9,0,Yes,Yes,3,1087270,Closed Won,T5
HS-10049,Tô Vinh,Nam,25,vinh.to14@outlook.com,84981485415,Hà Nội,Sales Manager,FMCG,5+ lần/tuần,Văn phòng toàn thời gian,Set Office-Gym,TikTok Ads,tiktok_ads,cpc,tech_wear_launch_2025,2024-11-06,2024-12-14,Customer,93,78,9,0.0467,9,3,No,Yes,1,591306,Closed Won,T5
HS-10050,Lưu Diễm,Nữ,30,diễm.luu68@yahoo.com,84958540226,TP.HCM,Data Analyst,Công ty Công nghệ,3-4 lần/tuần,Remote,Set Office-Gym,Facebook Ads,facebook_ads,cpc,tech_wear_launch_2025,2024-11-14,2024-11-14,Customer,92,77,7,0.039,12,0,No,Yes,2,1099219,Closed Won,T5
HS-10051,Bùi Thị Phương,Nữ,23,phuong.bùi@gmail.com,84954550797,TP.HCM,Content Creator,Media,Không đi,Văn phòng toàn thời gian,Áo Polo Anti-Smell,Facebook Ads,facebook_ads,cpc,tech_wear_launch_2025,2024-11-04,2024-12-02,Customer,48,33,6,0.0139,7,1,No,Yes,2,1012926,Closed Won,T5
HS-10052,Vũ Bá Hương,Nữ,23,huong.vũ49@yahoo.com,84974685864,TP.HCM,Accountant,Công ty Sản xuất,1-2 lần/tuần,Remote,Áo Thun Kỹ Thuật,Facebook Ads,facebook_ads,cpc,tech_wear_launch_2025,2024-11-07,2024-11-27,Customer,70,55,7,0.067,13,3,No,Yes,1,701636,Closed Won,T5
HS-10053,Nguyễn Mạnh Giang,Nam,24,giang.nguyễn@outlook.com,84921557925,Hà Nội,Content Creator,Media,5+ lần/tuần,Không áp dụng,Áo Polo Anti-Smell,TikTok Ads,tiktok_ads,cpc,tech_wear_launch_2025,2024-11-07,2024-11-14,Customer,63,48,6,0.0501,10,3,Yes,No,1,456468,Closed Won,T5
HS-10054,Lê Bá Châu,Nữ,31,chau.le19@outlook.com,84935281926,Hải Phòng,Financial Analyst,Investment Fund,1-2 lần/tuần,Văn phòng toàn thời gian,Quần Jogger Anti-Smell,TikTok Ads,tiktok_ads,cpc,tech_wear_launch_2025,2024-12-05,2024-12-25,Customer,78,63,6,0.0637,9,1,Yes,Yes,1,721166,Closed Won,T5
HS-10055,Trịnh Mạnh Ly,Nữ,32,ly.trịnh58@gmail.com,84917486649,Đồng Nai,Brand Manager,Thời trang,Không đi,Không áp dụng,Combo Tech-Wear,Facebook Ads,facebook_ads,cpc,tech_wear_launch_2025,2024-11-26,2024-12-15,Customer,82,67,7,0.0569,14,0,Yes,Yes,2,1036322,Closed Won,T5
HS-10056,Trịnh Thu,Nữ,23,thu.trịnh@gmail.com,84974777513,Đà Nẵng,IT Manager,Bất động sản,1-2 lần/tuần,Remote,Áo Polo Anti-Smell,Email Marketing,email_marketing,owned,tech_wear_launch_2025,2024-12-17,2025-01-01,Customer,88,73,7,0.036,8,2,Yes,Yes,2,1045442,Closed Won,T5
HS-10057,Đinh Hữu Châu,Nữ,33,chau.dinh@yahoo.com,84952185461,Hà Nội,Sales Manager,FMCG,Không đi,Remote,Quần Jogger Anti-Smell,TikTok Ads,tiktok_ads,cpc,tech_wear_launch_2025,2024-10-09,2024-11-20,Customer,79,64,7,0.0565,9,2,Yes,Yes,1,700999,Closed Won,T5
HS-10058,Lưu Thị Lan,Nữ,34,lan.luu99@hotmail.com,84934337547,Đồng Nai,Business Analyst,Tập đoàn Tài chính,Không đi,Không áp dụng,Áo Thun Kỹ Thuật,Organic Search,organic_search,organic,tech_wear_launch_2025,2024-12-05,2024-12-16,Customer,49,34,6,0.0573,6,1,Yes,Yes,2,1047417,Closed Won,T5
HS-10059,Tô Quân,Nam,32,quan.to@outlook.com,84967345369,Bình Dương,Data Analyst,Công ty Công nghệ,1-2 lần/tuần,Hybrid,Combo Tech-Wear,Facebook Ads,facebook_ads,cpc,tech_wear_launch_2025,2024-10-24,2024-11-14,Customer,62,47,5,0.0573,11,1,Yes,Yes,3,1273688,Closed Won,T5
HS-10060,Trịnh Mạnh Bảo,Nam,31,bao.trịnh@gmail.com,84946187949,Hà Nội,Project Manager,Xây dựng,1-2 lần/tuần,Hybrid,Combo Tech-Wear,TikTok Ads,tiktok_ads,cpc,tech_wear_launch_2025,2024-12-17,2024-12-21,Customer,57,42,8,0.0615,8,4,No,Yes,3,1533084,Closed Won,T5
HS-10061,Ngô Thị Bình,Nam,29,binh.ngo@outlook.com,84928244283,Đà Nẵng,Content Creator,Media,5+ lần/tuần,Văn phòng toàn thời gian,Áo Polo Ex-Dry,Email Marketing,email_marketing,owned,tech_wear_launch_2025,2024-11-20,2024-12-22,Customer,77,62,6,0.0333,7,2,Yes,Yes,1,586325,Closed Won,T5
HS-10062,Lưu Văn Thu,Nữ,24,thu.luu@gmail.com,84973725726,TP.HCM,Content Creator,Media,5+ lần/tuần,Văn phòng toàn thời gian,Áo Thun Kỹ Thuật,Facebook Ads,facebook_ads,cpc,tech_wear_launch_2025,2024-11-06,2024-11-21,Customer,59,44,7,0.0461,9,4,Yes,Yes,2,1169784,Closed Won,T5
HS-10063,Ngô Văn Đức,Nam,33,duc.ngo50@outlook.com,84942883618,TP.HCM,Accountant,Công ty Sản xuất,Không đi,Remote,Áo Thun Kỹ Thuật,TikTok Ads,tiktok_ads,cpc,tech_wear_launch_2025,2024-10-09,2024-12-15,Customer,66,51,3,0.0178,7,3,Yes,Yes,2,929794,Closed Won,T5
HS-10064,Phạm Thành Trang,Nữ,23,trang.phạm26@gmail.com,84935143941,Hà Nội,Product Manager,E-commerce,1-2 lần/tuần,Không áp dụng,Set Office-Gym,TikTok Ads,tiktok_ads,cpc,tech_wear_launch_2025,2024-12-29,2025-01-01,SQL,78,63,7,0.04,13,3,No,No,0,0,No Deal,T5
HS-10065,Lý Quốc Diễm,Nữ,28,diễm.lý@hotmail.com,84957936020,Hà Nội,Data Analyst,Công ty Công nghệ,3-4 lần/tuần,Remote,Áo Polo Ex-Dry,TikTok Ads,tiktok_ads,cpc,tech_wear_launch_2025,2024-10-16,2024-12-02,Customer,51,36,6,0.0361,5,1,Yes,Yes,2,1248687,Closed Won,T5
HS-10066,Lưu Hữu Giang,Nam,31,giang.luu@outlook.com,84988556068,Hà Nội,HR Manager,Ngân hàng,3-4 lần/tuần,Remote,Quần Jogger Anti-Smell,Facebook Ads,facebook_ads,cpc,tech_wear_launch_2025,2024-11-27,2024-12-24,SQL,93,78,6,0.0437,7,0,Yes,No,0,0,No Deal,T5
HS-10067,Huỳnh Văn Châu,Nữ,36,chau.huỳnh@gmail.com,84983244383,TP.HCM,Product Manager,E-commerce,3-4 lần/tuần,Remote,Áo Thun Kỹ Thuật,Facebook Ads,facebook_ads,cpc,tech_wear_launch_2025,2024-11-19,2024-12-25,Customer,78,63,10,0.0568,8,2,Yes,Yes,2,1068458,Closed Won,T5
HS-10068,Nguyễn Hữu Dũng,Nam,38,dung.nguyễn@hotmail.com,84932848022,Hà Nội,Project Manager,Xây dựng,3-4 lần/tuần,Remote,Áo Polo Ex-Dry,Email Marketing,email_marketing,owned,tech_wear_launch_2025,2024-12-30,2024-12-31,Customer,90,75,6,0.0745,4,1,Yes,Yes,3,924190,Closed Won,T5
HS-10069,Tô Thảo,Nữ,31,thao.to71@outlook.com,84969942700,TP.HCM,Business Analyst,Tập đoàn Tài chính,1-2 lần/tuần,Remote,Set Office-Gym,Google Search,google_search,owned,tech_wear_launch_2025,2024-12-05,2024-12-12,Customer,80,65,8,0.0716,6,3,Yes,Yes,1,647031,Closed Won,T5
HS-10070,Hồ Mạnh Đức,Nam,35,duc.hồ@yahoo.com,84926553633,Hà Nội,HR Manager,Ngân hàng,1-2 lần/tuần,Remote,Áo Polo Ex-Dry,Organic Search,organic_search,organic,tech_wear_launch_2025,2024-12-22,2024-12-23,Customer,49,34,6,0.0429,6,4,Yes,Yes,4,1740090,Closed Won,T5
HS-10071,Huỳnh Hữu Đức,Nam,29,duc.huỳnh85@outlook.com,84982143195,Hà Nội,Sales Manager,FMCG,3-4 lần/tuần,Văn phòng toàn thời gian,Áo Polo Anti-Smell,Email Marketing,email_marketing,owned,tech_wear_launch_2025,2024-11-02,2024-11-14,Customer,71,56,7,0.0697,10,4,Yes,Yes,1,486284,Closed Won,T5
HS-10072,Trịnh Bá Ngọc,Nữ,22,ngoc.trịnh@hotmail.com,84936456717,Đà Nẵng,Accountant,Công ty Sản xuất,3-4 lần/tuần,Remote,Áo Polo Anti-Smell,Email Marketing,email_marketing,owned,tech_wear_launch_2025,2024-12-01,2024-12-16,Customer,90,75,4,0.0326,8,3,Yes,Yes,1,518433,Closed Won,T5
HS-10073,Hồ Hữu Như,Nữ,33,nhu.hồ50@hotmail.com,84941267457,Cần Thơ,IT Manager,Bất động sản,1-2 lần/tuần,Không áp dụng,Quần Jogger Anti-Smell,TikTok Ads,tiktok_ads,cpc,tech_wear_launch_2025,2024-10-16,2024-11-19,Customer,91,76,7,0.0693,7,0,No,Yes,2,950638,Closed Won,T5
HS-10074,Huỳnh Mạnh Khánh,Nam,36,khanh.huỳnh77@hotmail.com,84946662761,Đà Nẵng,HR Manager,Ngân hàng,Không đi,Văn phòng toàn thời gian,Combo Tech-Wear,Organic Search,organic_search,organic,tech_wear_launch_2025,2024-11-20,2024-12-22,Customer,69,54,7,0.0348,7,0,Yes,Yes,1,653688,Closed Won,T5
HS-10075,Hồ Thành Như,Nữ,34,nhu.hồ13@hotmail.com,84957933510,TP.HCM,Data Analyst,Công ty Công nghệ,3-4 lần/tuần,Remote,Áo Thun Kỹ Thuật,TikTok Ads,tiktok_ads,cpc,tech_wear_launch_2025,2024-10-10,2024-11-28,Customer,76,61,6,0.0546,5,4,No,Yes,2,1201703,Closed Won,T5
HS-10076,Đinh Bá Phong,Nam,23,phong.dinh51@outlook.com,84985452713,TP.HCM,HR Manager,Ngân hàng,3-4 lần/tuần,Không áp dụng,Set Office-Gym,Facebook Ads,facebook_ads,cpc,tech_wear_launch_2025,2024-12-06,2024-12-20,Customer,62,47,5,0.0324,9,4,Yes,Yes,2,915907,Closed Won,T5
HS-10077,Nguyễn Thành Xuân,Nữ,25,xuan.nguyễn@hotmail.com,84928961574,Hà Nội,Sales Manager,FMCG,Không đi,Không áp dụng,Set Office-Gym,Google Search,google_search,owned,tech_wear_launch_2025,2024-11-03,2024-12-14,Customer,72,57,7,0.0725,10,4,Yes,Yes,1,558810,Closed Won,T5
HS-10078,Dương Thành Minh,Nam,26,minh.duong@outlook.com,84979471496,Hà Nội,UI/UX Designer,Digital Agency,5+ lần/tuần,Văn phòng toàn thời gian,Combo Tech-Wear,Google Search,google_search,owned,tech_wear_launch_2025,2024-12-30,2024-12-30,Customer,97,82,9,0.0702,9,1,No,Yes,2,1026305,Closed Won,T5
HS-10079,Võ Long,Nam,29,long.võ@hotmail.com,84960958130,Hà Nội,Business Analyst,Tập đoàn Tài chính,1-2 lần/tuần,Không áp dụng,Set Office-Gym,Organic Search,organic_search,organic,tech_wear_launch_2025,2024-11-10,2024-12-10,SQL,89,74,7,0.0558,10,0,Yes,No,0,0,No Deal,T5
HS-10080,Đỗ Mạnh Thảo,Nữ,30,thao.dỗ53@outlook.com,84970205428,Hải Phòng,Brand Manager,Thời trang,3-4 lần/tuần,Remote,Áo Thun Kỹ Thuật,TikTok Ads,tiktok_ads,cpc,tech_wear_launch_2025,2024-10-18,2024-10-31,Customer,53,38,5,0.0521,9,1,Yes,Yes,2,893003,Closed Won,T5
HS-10081,Lý Mạnh Giang,Nam,28,giang.lý@hotmail.com,84973295361,Hà Nội,Brand Manager,Thời trang,Không đi,Văn phòng toàn thời gian,Set Office-Gym,Facebook Ads,facebook_ads,cpc,tech_wear_launch_2025,2024-12-23,2025-01-01,Customer,57,42,6,0.0667,4,0,Yes,Yes,2,913304,Closed Won,T5
HS-10082,Lưu Thị Ly,Nữ,32,ly.luu@yahoo.com,84911872399,Hà Nội,Content Creator,Media,5+ lần/tuần,Hybrid,Set Office-Gym,TikTok Ads,tiktok_ads,cpc,tech_wear_launch_2025,2024-12-04,2024-12-18,SQL,92,77,10,0.0393,4,3,Yes,No,0,0,No Deal,T5
HS-10083,Hồ Bá Phong,Nam,32,phong.hồ@outlook.com,84952416613,TP.HCM,HR Manager,Ngân hàng,1-2 lần/tuần,Hybrid,Áo Polo Ex-Dry,TikTok Ads,tiktok_ads,cpc,tech_wear_launch_2025,2024-12-01,2024-12-21,Customer,58,43,8,0.0401,12,1,Yes,No,1,598138,Closed Won,T5
HS-10084,Trần Thị Trang,Nữ,31,trang.trần@outlook.com,84963836038,TP.HCM,Project Manager,Xây dựng,3-4 lần/tuần,Văn phòng toàn thời gian,Áo Polo Anti-Smell,TikTok Ads,tiktok_ads,cpc,tech_wear_launch_2025,2024-12-21,2024-12-25,Customer,100,85,6,0.0449,6,1,No,Yes,2,724078,Closed Won,T5
HS-10085,Vũ Thị Khánh,Nam,36,khanh.vũ27@hotmail.com,84921635167,Cần Thơ,HR Manager,Ngân hàng,Không đi,Văn phòng toàn thời gian,Áo Polo Ex-Dry,Google Search,google_search,owned,tech_wear_launch_2025,2024-12-10,2024-12-26,Customer,74,59,6,0.0459,8,3,Yes,Yes,1,675908,Closed Won,T5
HS-10086,Trịnh Văn Thu,Nữ,36,thu.trịnh9@gmail.com,84918595002,Đồng Nai,HR Manager,Ngân hàng,Không đi,Không áp dụng,Set Office-Gym,Organic Search,organic_search,organic,tech_wear_launch_2025,2024-11-02,2024-12-24,Customer,48,33,4,0.0154,8,3,Yes,No,1,490731,Closed Won,T5
HS-10087,Hoàng Bá Khánh,Nam,34,khanh.hoàng@yahoo.com,84910892911,Đà Nẵng,Sales Manager,FMCG,5+ lần/tuần,Văn phòng toàn thời gian,Combo Tech-Wear,Organic Search,organic_search,organic,tech_wear_launch_2025,2024-12-27,2025-01-01,Customer,63,48,6,0.0263,12,3,No,No,1,591333,Closed Won,T5
HS-10088,Hồ Đức Diễm,Nữ,36,diễm.hồ77@gmail.com,84941876513,Hà Nội,Marketing Executive,Agency,Không đi,Văn phòng toàn thời gian,Áo Thun Kỹ Thuật,Facebook Ads,facebook_ads,cpc,tech_wear_launch_2025,2024-12-24,2024-12-30,Customer,52,37,5,0.0194,0,4,Yes,Yes,3,1475929,Closed Won,T5
HS-10089,Phan Văn Thịnh,Nam,38,thinh.phan72@yahoo.com,84990811721,Hà Nội,Product Manager,E-commerce,3-4 lần/tuần,Remote,Set Office-Gym,Facebook Ads,facebook_ads,cpc,tech_wear_launch_2025,2024-10-31,2024-11-19,Customer,94,79,11,0.0513,11,2,No,Yes,2,905385,Closed Won,T5
HS-10090,Bùi Bá Châu,Nữ,26,chau.bùi@hotmail.com,84941367382,Hà Nội,UI/UX Designer,Digital Agency,5+ lần/tuần,Hybrid,Áo Polo Anti-Smell,TikTok Ads,tiktok_ads,cpc,tech_wear_launch_2025,2024-10-29,2024-12-06,Customer,89,74,8,0.0358,12,4,Yes,Yes,2,1256207,Closed Won,T5
HS-10091,Phan Văn Thịnh,Nam,34,thinh.phan@gmail.com,84937299254,Đồng Nai,Business Analyst,Tập đoàn Tài chính,Không đi,Hybrid,Áo Polo Ex-Dry,Google Search,google_search,owned,tech_wear_launch_2025,2024-12-15,2025-01-01,SQL,85,70,4,0.0712,12,2,Yes,No,0,0,No Deal,T5
HS-10092,Lưu Đức Thắng,Nam,29,thang.luu@hotmail.com,84950312994,Cần Thơ,UI/UX Designer,Digital Agency,5+ lần/tuần,Không áp dụng,Quần Jogger Anti-Smell,Facebook Ads,facebook_ads,cpc,tech_wear_launch_2025,2024-12-08,2024-12-28,Customer,85,70,8,0.0484,12,3,No,Yes,2,889688,Closed Won,T5
HS-10093,Hoàng Văn Quốc,Nam,35,quoc.hoàng@hotmail.com,84968276405,Hà Nội,Business Analyst,Tập đoàn Tài chính,1-2 lần/tuần,Không áp dụng,Quần Jogger Anti-Smell,Facebook Ads,facebook_ads,cpc,tech_wear_launch_2025,2024-12-12,2024-12-19,Customer,47,32,6,0.0409,4,3,No,Yes,2,1171356,Closed Won,T5
HS-10094,Tô Văn Hoa,Nữ,23,hoa.to80@hotmail.com,84994611552,TP.HCM,HR Manager,Ngân hàng,Không đi,Văn phòng toàn thời gian,Set Office-Gym,Email Marketing,email_marketing,owned,tech_wear_launch_2025,2024-11-22,2024-11-30,SQL,80,65,6,0.0403,12,3,No,No,0,0,No Deal,T5
HS-10095,Đinh Quốc Minh,Nam,31,minh.dinh46@outlook.com,84960182857,TP.HCM,HR Manager,Ngân hàng,5+ lần/tuần,Hybrid,Set Office-Gym,TikTok Ads,tiktok_ads,cpc,tech_wear_launch_2025,2024-10-14,2024-10-26,Customer,70,55,8,0.0478,5,4,Yes,Yes,2,1233018,Closed Won,T5
HS-10096,Vũ Quốc Thắng,Nam,24,thang.vũ@outlook.com,84982999636,Đồng Nai,Brand Manager,Thời trang,Không đi,Văn phòng toàn thời gian,Set Office-Gym,Zalo OA,zalo_oa,owned,tech_wear_launch_2025,2024-11-21,2024-12-15,SQL,88,73,5,0.065,4,3,Yes,No,0,0,No Deal,T5
HS-10097,Trịnh Mạnh Sơn,Nam,23,son.trịnh31@hotmail.com,84996666820,TP.HCM,Business Analyst,Tập đoàn Tài chính,Không đi,Hybrid,Quần Jogger Anti-Smell,Google Search,google_search,owned,tech_wear_launch_2025,2024-11-10,2024-11-11,Customer,50,35,6,0.0397,3,2,Yes,Yes,3,1076535,Closed Won,T5
HS-10098,Phạm Bá Hương,Nữ,24,huong.phạm@hotmail.com,84933812711,Hà Nội,Marketing Executive,Agency,5+ lần/tuần,Remote,Áo Polo Anti-Smell,Google Search,google_search,owned,tech_wear_launch_2025,2024-10-04,2024-12-24,Customer,91,76,6,0.0474,9,4,Yes,Yes,2,1141413,Closed Won,T5
HS-10099,Lê Thị Trang,Nữ,26,trang.le35@gmail.com,84926191537,Hà Nội,Business Analyst,Tập đoàn Tài chính,1-2 lần/tuần,Không áp dụng,Set Office-Gym,Google Search,google_search,owned,tech_wear_launch_2025,2024-11-10,2024-12-03,Customer,72,57,7,0.0413,7,3,Yes,Yes,1,631112,Closed Won,T5
HS-10100,Nguyễn Thị Mai,Nữ,24,mai.nguyễn35@outlook.com,84944617077,Bình Dương,Sales Manager,FMCG,5+ lần/tuần,Văn phòng toàn thời gian,Quần Jogger Anti-Smell,Google Search,google_search,owned,tech_wear_launch_2025,2024-11-07,2024-12-03,Customer,42,27,3,0.0092,6,3,Yes,No,1,591399,Closed Won,T5
HS-10101,Lý Thị Phương,Nữ,30,phuong.lý43@hotmail.com,84952551533,TP.HCM,Sales Manager,FMCG,1-2 lần/tuần,Không áp dụng,Combo Tech-Wear,Google Search,google_search,owned,tech_wear_launch_2025,2024-10-14,2024-10-31,SQL,76,61,9,0.0685,7,4,No,No,0,0,No Deal,T5
HS-10102,Phan Mạnh Bích,Nữ,27,bich.phan99@gmail.com,84969842776,Hà Nội,Sales Manager,FMCG,5+ lần/tuần,Hybrid,Quần Jogger Anti-Smell,Zalo OA,zalo_oa,owned,tech_wear_launch_2025,2024-11-11,2024-12-05,Customer,90,75,3,0.0266,8,4,Yes,Yes,3,867561,Closed Won,T5
HS-10103,Hoàng Quốc Xuân,Nữ,30,xuan.hoàng@gmail.com,84923906306,Đồng Nai,Marketing Executive,Agency,5+ lần/tuần,Văn phòng toàn thời gian,Combo Tech-Wear,Facebook Ads,facebook_ads,cpc,tech_wear_launch_2025,2024-11-27,2024-12-27,Customer,76,61,6,0.0224,7,4,Yes,Yes,1,564717,Closed Won,T5
HS-10104,Lưu Văn Trí,Nam,34,tri.luu@yahoo.com,84954125755,Hà Nội,Accountant,Công ty Sản xuất,Không đi,Văn phòng toàn thời gian,Combo Tech-Wear,Zalo OA,zalo_oa,owned,tech_wear_launch_2025,2024-10-13,2024-11-15,Customer,89,74,10,0.0601,10,4,Yes,Yes,1,518956,Closed Won,T5
HS-10105,Hoàng Thành Bình,Nam,32,binh.hoàng91@gmail.com,84912990429,Đà Nẵng,Business Analyst,Tập đoàn Tài chính,5+ lần/tuần,Remote,Áo Polo Anti-Smell,Organic Search,organic_search,organic,tech_wear_launch_2025,2024-11-30,2024-12-06,Customer,73,58,5,0.0396,4,2,Yes,Yes,1,657922,Closed Won,T5
HS-10106,Huỳnh Quân,Nam,32,quan.huỳnh@hotmail.com,84985550418,Cần Thơ,Product Manager,E-commerce,1-2 lần/tuần,Không áp dụng,Combo Tech-Wear,TikTok Ads,tiktok_ads,cpc,tech_wear_launch_2025,2024-12-20,2024-12-22,Customer,82,67,7,0.0467,10,4,Yes,Yes,1,536659,Closed Won,T5
HS-10107,Phạm Vinh,Nam,33,vinh.phạm59@yahoo.com,84996840282,Hà Nội,Product Manager,E-commerce,3-4 lần/tuần,Không áp dụng,Áo Polo Ex-Dry,Facebook Ads,facebook_ads,cpc,tech_wear_launch_2025,2024-12-07,2024-12-27,SQL,94,79,7,0.0601,13,0,Yes,No,0,0,No Deal,T5
HS-10108,Phạm Đức Anh,Nam,25,anh.phạm@yahoo.com,84981274971,TP.HCM,Business Analyst,Tập đoàn Tài chính,5+ lần/tuần,Không áp dụng,Áo Thun Kỹ Thuật,TikTok Ads,tiktok_ads,cpc,tech_wear_launch_2025,2024-12-16,2024-12-20,SQL,96,81,6,0.0656,9,4,Yes,No,0,0,No Deal,T5
HS-10109,Trần Thành Bích,Nữ,37,bich.trần@yahoo.com,84947134283,TP.HCM,Data Analyst,Công ty Công nghệ,5+ lần/tuần,Không áp dụng,Combo Tech-Wear,Facebook Ads,facebook_ads,cpc,tech_wear_launch_2025,2024-12-27,2024-12-30,Customer,52,37,7,0.0234,7,0,Yes,Yes,2,869543,Closed Won,T5
HS-10110,Lý Ly,Nữ,25,ly.lý5@hotmail.com,84943465509,Bình Dương,HR Manager,Ngân hàng,3-4 lần/tuần,Văn phòng toàn thời gian,Áo Polo Anti-Smell,Facebook Ads,facebook_ads,cpc,tech_wear_launch_2025,2025-01-01,2025-01-01,Customer,78,63,4,0.0179,10,1,Yes,Yes,2,977160,Closed Won,T5
HS-10111,Trịnh Thành Hải,Nam,35,hai.trịnh66@gmail.com,84927886530,TP.HCM,Financial Analyst,Investment Fund,1-2 lần/tuần,Văn phòng toàn thời gian,Áo Thun Kỹ Thuật,Google Search,google_search,owned,tech_wear_launch_2025,2024-12-12,2024-12-23,SQL,78,63,5,0.0665,11,4,Yes,No,0,0,No Deal,T5
HS-10112,Hoàng Thành Long,Nam,29,long.hoàng@outlook.com,84968611751,Đồng Nai,Financial Analyst,Investment Fund,3-4 lần/tuần,Không áp dụng,Áo Thun Kỹ Thuật,TikTok Ads,tiktok_ads,cpc,tech_wear_launch_2025,2024-11-18,2024-12-16,Customer,59,44,5,0.0423,11,2,Yes,Yes,2,534702,Closed Won,T5
HS-10113,Lê Như,Nữ,28,nhu.le81@hotmail.com,84912230272,Hà Nội,UI/UX Designer,Digital Agency,3-4 lần/tuần,Remote,Combo Tech-Wear,Organic Search,organic_search,organic,tech_wear_launch_2025,2024-11-06,2024-11-27,Customer,44,29,6,0.0414,10,0,Yes,Yes,3,1378814,Closed Won,T5
HS-10114,Phan Hữu Giang,Nam,31,giang.phan@yahoo.com,84964787326,TP.HCM,Content Creator,Media,Không đi,Remote,Quần Jogger Anti-Smell,Organic Search,organic_search,organic,tech_wear_launch_2025,2024-11-02,2024-11-07,Customer,79,64,5,0.022,11,2,Yes,Yes,2,1039481,Closed Won,T5
HS-10115,Lý Thị Hải,Nam,29,hai.lý14@gmail.com,84950485416,Cần Thơ,Product Manager,E-commerce,Không đi,Remote,Áo Polo Ex-Dry,Google Search,google_search,owned,tech_wear_launch_2025,2024-10-16,2024-12-09,Customer,60,45,4,0.0264,5,3,Yes,Yes,2,1101747,Closed Won,T5
HS-10116,Hoàng Thị Trí,Nam,22,tri.hoàng16@hotmail.com,84954550246,Bình Dương,HR Manager,Ngân hàng,3-4 lần/tuần,Hybrid,Combo Tech-Wear,Google Search,google_search,owned,tech_wear_launch_2025,2024-12-20,2024-12-31,SQL,86,71,5,0.0321,7,0,Yes,No,0,0,No Deal,T5
HS-10117,Tô Quốc Long,Nam,22,long.to82@gmail.com,84977112653,Đồng Nai,IT Manager,Bất động sản,1-2 lần/tuần,Không áp dụng,Áo Thun Kỹ Thuật,Organic Search,organic_search,organic,tech_wear_launch_2025,2024-11-07,2024-12-18,Customer,77,62,8,0.0764,15,0,Yes,Yes,1,722642,Closed Won,T5
HS-10118,Tô Hữu Như,Nữ,37,nhu.to@hotmail.com,84999521818,TP.HCM,IT Manager,Bất động sản,Không đi,Remote,Áo Polo Ex-Dry,Facebook Ads,facebook_ads,cpc,tech_wear_launch_2025,2024-10-28,2024-11-02,Customer,76,61,8,0.0497,16,4,No,Yes,1,539254,Closed Won,T5
HS-10119,Lê Quốc Phúc,Nam,38,phuc.le@gmail.com,84968742039,TP.HCM,Software Engineer,Startup Tech,3-4 lần/tuần,Không áp dụng,Áo Thun Kỹ Thuật,Zalo OA,zalo_oa,owned,tech_wear_launch_2025,2024-12-15,2024-12-17,Customer,56,41,5,0.0128,6,0,Yes,Yes,2,973870,Closed Won,T5
HS-10120,Nguyễn Hữu Dũng,Nam,22,dung.nguyễn9@outlook.com,84983758015,TP.HCM,Operations Manager,Logistics,3-4 lần/tuần,Hybrid,Quần Jogger Anti-Smell,TikTok Ads,tiktok_ads,cpc,tech_wear_launch_2025,2024-11-17,2024-11-25,Customer,57,42,3,0.0306,7,3,Yes,No,1,530193,Closed Won,T5
HS-10121,Lý Hữu Hương,Nữ,27,huong.lý20@yahoo.com,84914679720,Hà Nội,Sales Manager,FMCG,Không đi,Hybrid,Áo Polo Anti-Smell,Organic Search,organic_search,organic,tech_wear_launch_2025,2024-12-05,2024-12-05,MQL,68,53,5,0.0664,6,3,No,No,0,0,No Deal,T5
HS-10122,Bùi Quốc Giang,Nam,24,giang.bùi71@hotmail.com,84911486839,Bình Dương,Financial Analyst,Investment Fund,Không đi,Hybrid,Áo Polo Anti-Smell,TikTok Ads,tiktok_ads,cpc,tech_wear_launch_2025,2024-10-29,2024-11-03,Customer,92,77,8,0.051,15,2,Yes,Yes,2,714245,Closed Won,T5
HS-10123,Đỗ Mạnh Huy,Nam,28,huy.dỗ@outlook.com,84923315161,Hải Phòng,IT Manager,Bất động sản,1-2 lần/tuần,Văn phòng toàn thời gian,Áo Thun Kỹ Thuật,Email Marketing,email_marketing,owned,tech_wear_launch_2025,2024-11-22,2024-11-23,Customer,89,74,5,0.0283,9,3,No,Yes,1,610621,Closed Won,T5
HS-10124,Hoàng Quốc Hương,Nữ,23,huong.hoàng85@yahoo.com,84940405844,TP.HCM,Software Engineer,Startup Tech,5+ lần/tuần,Remote,Áo Polo Anti-Smell,Email Marketing,email_marketing,owned,tech_wear_launch_2025,2024-11-28,2024-12-03,SQL,91,76,1,0.0406,15,4,Yes,No,1,0,No Deal,T5
HS-10125,Bùi Mạnh Vy,Nữ,29,vy.bùi99@yahoo.com,84967423284,TP.HCM,Business Analyst,Tập đoàn Tài chính,Không đi,Hybrid,Áo Thun Kỹ Thuật,Email Marketing,email_marketing,owned,tech_wear_launch_2025,2024-10-14,2024-11-04,Customer,50,35,4,0.0326,5,4,Yes,Yes,3,1453165,Closed Won,T5
HS-10126,Trần Đức Bích,Nữ,32,bich.tran@yahoo.com,84922584487,TP.HCM,Financial Analyst,Investment Fund,3-4 lần/tuần,Không áp dụng,Áo Thun Kỹ Thuật,Facebook Ads,facebook_ads,cpc,tech_wear_launch_2025,2024-12-05,2024-12-06,Customer,43,28,4,0.0157,7,3,Yes,Yes,2,512912,Closed Won,T5
HS-10127,Trần Đức Minh,Nam,28,minh.trần@outlook.com,84925144770,Hà Nội,Product Manager,E-commerce,Không đi,Remote,Set Office-Gym,TikTok Ads,tiktok_ads,cpc,tech_wear_launch_2025,2024-10-10,2024-10-12,SQL,82,67,6,0.0878,9,0,Yes,No,0,0,No Deal,T5
HS-10128,Lý Văn Hà,Nữ,35,ha.lý@hotmail.com,84917191982,TP.HCM,UI/UX Designer,Digital Agency,3-4 lần/tuần,Remote,Áo Thun Kỹ Thuật,TikTok Ads,tiktok_ads,cpc,tech_wear_launch_2025,2024-11-27,2024-12-06,Customer,79,64,4,0.0603,10,3,Yes,Yes,2,1095471,Closed Won,T5
HS-10129,Tô Văn Trí,Nam,33,tri.to61@outlook.com,84984344068,Đà Nẵng,UI/UX Designer,Digital Agency,3-4 lần/tuần,Remote,Combo Tech-Wear,TikTok Ads,tiktok_ads,cpc,tech_wear_launch_2025,2024-11-19,2024-12-06,Customer,53,38,7,0.0745,7,2,Yes,Yes,2,996735,Closed Won,T5
HS-10130,Trần Đức Diễm,Nữ,34,diễm.trần@hotmail.com,84979424065,Hà Nội,Accountant,Công ty Sản xuất,1-2 lần/tuần,Hybrid,Áo Thun Kỹ Thuật,Email Marketing,email_marketing,owned,tech_wear_launch_2025,2024-12-15,2024-12-25,Customer,65,50,3,0.043,7,1,Yes,Yes,3,1548074,Closed Won,T5
HS-10131,Vũ Văn Phong,Nam,37,phong.vũ@yahoo.com,84924987599,TP.HCM,HR Manager,Ngân hàng,1-2 lần/tuần,Hybrid,Áo Polo Anti-Smell,TikTok Ads,tiktok_ads,cpc,tech_wear_launch_2025,2024-11-13,2024-12-28,Customer,61,46,3,0.0205,7,1,Yes,Yes,2,673505,Closed Won,T5
HS-10132,Hồ Thị Bảo,Nam,31,bao.hồ@hotmail.com,84949869649,Hà Nội,Sales Manager,FMCG,5+ lần/tuần,Không áp dụng,Áo Thun Kỹ Thuật,Facebook Ads,facebook_ads,cpc,tech_wear_launch_2025,2024-12-23,2024-12-28,Customer,93,78,8,0.0694,5,4,Yes,Yes,2,1025165,Closed Won,T5
HS-10133,Trần Hữu Ly,Nữ,32,ly.trần@gmail.com,84995770147,Bình Dương,Accountant,Công ty Sản xuất,Không đi,Không áp dụng,Áo Polo Anti-Smell,Facebook Ads,facebook_ads,cpc,tech_wear_launch_2025,2024-10-19,2024-11-30,Customer,77,62,9,0.0531,9,1,No,Yes,1,516667,Closed Won,T5
HS-10134,Vũ Thị Ngọc,Nữ,30,ngoc.vũ62@yahoo.com,84930573209,TP.HCM,Sales Manager,FMCG,5+ lần/tuần,Không áp dụng,Áo Polo Ex-Dry,Google Search,google_search,owned,tech_wear_launch_2025,2024-11-23,2024-12-03,Customer,93,78,9,0.0523,10,3,Yes,Yes,1,589955,Closed Won,T5
HS-10135,Phạm Thị Yến,Nữ,27,yến.phạm13@outlook.com,84936299212,Hà Nội,Sales Manager,FMCG,Không đi,Remote,Áo Polo Ex-Dry,Facebook Ads,facebook_ads,cpc,tech_wear_launch_2025,2024-12-16,2024-12-31,Customer,76,61,5,0.0549,11,3,Yes,Yes,2,927919,Closed Won,T5
HS-10136,Đặng Đức Phương,Nữ,23,phuong.dặng22@outlook.com,84920596574,Hà Nội,Software Engineer,Startup Tech,1-2 lần/tuần,Văn phòng toàn thời gian,Combo Tech-Wear,TikTok Ads,tiktok_ads,cpc,tech_wear_launch_2025,2024-11-16,2024-11-16,Customer,84,69,8,0.0667,4,0,Yes,Yes,2,667621,Closed Won,T5
HS-10137,Võ Thị Xuân,Nữ,34,xuan.võ@yahoo.com,84999799891,TP.HCM,Brand Manager,Thời trang,3-4 lần/tuần,Hybrid,Combo Tech-Wear,TikTok Ads,tiktok_ads,cpc,tech_wear_launch_2025,2024-11-27,2024-11-29,Customer,91,76,11,0.0436,10,2,No,Yes,2,562061,Closed Won,T5
HS-10138,Vũ Ly,Nữ,34,ly.vũ22@yahoo.com,84934232315,Cần Thơ,Data Analyst,Công ty Công nghệ,5+ lần/tuần,Hybrid,Áo Polo Anti-Smell,TikTok Ads,tiktok_ads,cpc,tech_wear_launch_2025,2024-11-30,2024-12-19,SQL,76,61,5,0.038,8,3,Yes,No,0,0,No Deal,T5
HS-10139,Hoàng Quốc Bình,Nam,24,binh.hoàng73@gmail.com,84923690016,TP.HCM,Sales Manager,FMCG,3-4 lần/tuần,Remote,Combo Tech-Wear,TikTok Ads,tiktok_ads,cpc,tech_wear_launch_2025,2024-12-06,2024-12-20,Customer,86,71,8,0.0607,5,3,Yes,Yes,2,522265,Closed Won,T5
HS-10140,Võ Bá Nhi,Nữ,37,nhi.võ61@outlook.com,84957121215,Bình Dương,Brand Manager,Thời trang,1-2 lần/tuần,Remote,Áo Polo Ex-Dry,Google Search,google_search,owned,tech_wear_launch_2025,2024-11-21,2024-11-30,Customer,87,72,10,0.0563,8,1,No,Yes,2,1025984,Closed Won,T5
HS-10141,Vũ Hữu Mai,Nữ,36,mai.vũ@gmail.com,84949844037,Hà Nội,Business Analyst,Tập đoàn Tài chính,Không đi,Hybrid,Combo Tech-Wear,Facebook Ads,facebook_ads,cpc,tech_wear_launch_2025,2024-11-26,2024-12-09,Customer,66,51,5,0.0333,9,4,Yes,Yes,2,446687,Closed Won,T5
HS-10142,Phan Đức Nam,Nam,23,nam.phan63@hotmail.com,84932597635,TP.HCM,Financial Analyst,Investment Fund,3-4 lần/tuần,Hybrid,Áo Polo Ex-Dry,Facebook Ads,facebook_ads,cpc,tech_wear_launch_2025,2024-11-05,2024-11-28,Customer,99,84,5,0.0333,16,0,Yes,Yes,1,539415,Closed Won,T5
HS-10143,Võ Thị Hoa,Nữ,22,hoa.võ@gmail.com,84970238741,Hà Nội,Business Analyst,Tập đoàn Tài chính,1-2 lần/tuần,Hybrid,Áo Polo Anti-Smell,Facebook Ads,facebook_ads,cpc,tech_wear_launch_2025,2024-12-22,2024-12-25,Customer,57,42,5,0.0556,7,0,Yes,Yes,2,450148,Closed Won,T5
HS-10144,Lưu Quốc Phúc,Nam,30,phuc.luu@outlook.com,84948817659,Hà Nội,Operations Manager,Logistics,5+ lần/tuần,Remote,Quần Jogger Anti-Smell,Email Marketing,email_marketing,owned,tech_wear_launch_2025,2024-10-28,2024-12-26,Customer,91,76,3,0.0317,12,2,Yes,Yes,2,1053557,Closed Won,T5
HS-10145,Bùi Quốc Yến,Nữ,31,yến.bùi@hotmail.com,84959872519,TP.HCM,Business Analyst,Tập đoàn Tài chính,Không đi,Không áp dụng,Áo Thun Kỹ Thuật,Facebook Ads,facebook_ads,cpc,tech_wear_launch_2025,2024-12-24,2024-12-29,Customer,47,32,9,0.0144,7,2,No,Yes,2,506780,Closed Won,T5
HS-10146,Tô Mạnh Trang,Nữ,33,trang.to@yahoo.com,84955334176,Cần Thơ,Content Creator,Media,1-2 lần/tuần,Remote,Áo Thun Kỹ Thuật,Facebook Ads,facebook_ads,cpc,tech_wear_launch_2025,2024-10-13,2024-12-12,SQL,79,64,1,0.0671,16,2,Yes,No,0,0,No Deal,T5
HS-10147,Trịnh Quốc Yến,Nữ,25,yến.trịnh@yahoo.com,84927310026,Đà Nẵng,Project Manager,Xây dựng,Không đi,Không áp dụng,Set Office-Gym,Facebook Ads,facebook_ads,cpc,tech_wear_launch_2025,2024-10-25,2024-12-28,Customer,77,62,6,0.0393,7,0,Yes,Yes,1,586421,Closed Won,T5
HS-10148,Lê Mạnh Hoa,Nữ,27,hoa.le@hotmail.com,84964600590,Hà Nội,Sales Manager,FMCG,5+ lần/tuần,Remote,Áo Polo Ex-Dry,Google Search,google_search,owned,tech_wear_launch_2025,2024-10-27,2024-11-17,Customer,85,70,7,0.0499,13,3,Yes,Yes,1,694479,Closed Won,T5
HS-10149,Bùi Linh,Nữ,22,linh.bùi@yahoo.com,84918963862,Đồng Nai,Marketing Executive,Agency,1-2 lần/tuần,Hybrid,Set Office-Gym,Facebook Ads,facebook_ads,cpc,tech_wear_launch_2025,2024-12-28,2024-12-30,Customer,58,43,4,0.0148,3,4,Yes,Yes,2,932762,Closed Won,T5
HS-10150,Lưu Châu,Nữ,35,chau.luu@yahoo.com,84925484398,Đồng Nai,Sales Manager,FMCG,5+ lần/tuần,Remote,Quần Jogger Anti-Smell,Zalo OA,zalo_oa,owned,tech_wear_launch_2025,2024-10-25,2024-11-15,Customer,90,75,6,0.054,11,0,Yes,Yes,1,495182,Closed Won,T5
HS-10151,Trần Thị Phong,Nam,22,phong.trần85@gmail.com,84994645583,TP.HCM,Brand Manager,Thời trang,5+ lần/tuần,Không áp dụng,Combo Tech-Wear,Google Search,google_search,owned,tech_wear_launch_2025,2024-10-16,2024-12-25,Customer,42,27,5,0.0304,10,0,No,Yes,2,1101035,Closed Won,T5
HS-10152,Đinh Thị Mai,Nữ,25,mai.dinh@yahoo.com,84998604012,TP.HCM,Business Analyst,Tập đoàn Tài chính,1-2 lần/tuần,Remote,Áo Polo Anti-Smell,TikTok Ads,tiktok_ads,cpc,tech_wear_launch_2025,2024-12-06,2024-12-12,SQL,91,76,6,0.0404,7,0,Yes,No,0,0,No Deal,T5
HS-10153,Trịnh Mạnh Bình,Nam,24,binh.trịnh23@gmail.com,84947477712,Cần Thơ,Product Manager,E-commerce,Không đi,Remote,Set Office-Gym,Facebook Ads,facebook_ads,cpc,tech_wear_launch_2025,2024-12-22,2024-12-25,Customer,65,50,7,0.0557,9,0,No,Yes,1,644178,Closed Won,T5
HS-10154,Trần Văn Tài,Nam,26,tai.trần@hotmail.com,84944976303,Đồng Nai,Financial Analyst,Investment Fund,3-4 lần/tuần,Không áp dụng,Quần Jogger Anti-Smell,Google Search,google_search,owned,tech_wear_launch_2025,2024-12-19,2024-12-23,SQL,83,68,8,0.0392,9,3,No,No,1,0,No Deal,T5
HS-10155,Hoàng Văn Dũng,Nam,27,dung.hoàng53@hotmail.com,84915166412,TP.HCM,Financial Analyst,Investment Fund,5+ lần/tuần,Không áp dụng,Áo Polo Anti-Smell,TikTok Ads,tiktok_ads,cpc,tech_wear_launch_2025,2024-10-24,2024-12-11,Customer,47,32,4,0.0202,7,3,No,Yes,2,1007577,Closed Won,T5
HS-10156,Bùi Nghĩa,Nam,25,nghia.bùi@hotmail.com,84973273438,Hà Nội,HR Manager,Ngân hàng,5+ lần/tuần,Remote,Áo Thun Kỹ Thuật,Google Search,google_search,owned,tech_wear_launch_2025,2024-12-24,2024-12-30,SQL,83,68,5,0.0115,10,1,Yes,No,1,0,No Deal,T5
HS-10157,Bùi Quốc Trang,Nữ,38,trang.bùi64@gmail.com,84923523037,TP.HCM,Data Analyst,Công ty Công nghệ,5+ lần/tuần,Hybrid,Combo Tech-Wear,TikTok Ads,tiktok_ads,cpc,tech_wear_launch_2025,2024-10-11,2024-12-08,Customer,68,53,2,0.0211,12,3,Yes,Yes,2,901305,Closed Won,T5
HS-10158,Lê Quốc Bình,Nam,38,binh.le@gmail.com,84922896204,Cần Thơ,Content Creator,Media,5+ lần/tuần,Remote,Set Office-Gym,Facebook Ads,facebook_ads,cpc,tech_wear_launch_2025,2024-11-16,2024-11-19,Customer,63,48,7,0.0497,13,2,Yes,No,1,492818,Closed Won,T5
HS-10159,Đinh Thành Diễm,Nữ,25,diễm.dinh@yahoo.com,84953213000,TP.HCM,Operations Manager,Logistics,1-2 lần/tuần,Không áp dụng,Combo Tech-Wear,Email Marketing,email_marketing,owned,tech_wear_launch_2025,2024-10-14,2024-11-15,Customer,81,66,6,0.0506,9,3,Yes,Yes,2,1077862,Closed Won,T5
HS-10161,Huỳnh Thanh Đức,Nữ,29,contact10161@gmail.com,84960972984,TP.HCM,Teacher,—,Không đi,Không áp dụng,Áo Thun Kỹ Thuật,TikTok Ads,tiktok_ads,cpc,tech_wear_t1_2025,2025-01-10,2025-01-16,Customer,78,63,3,0.0776,8,1,Yes,Yes,1,655463,Closed Won,T5
HS-10162,Huỳnh Văn Bảo,Nam,29,contact10162@gmail.com,84905562067,Đà Nẵng,Freelancer,—,Không đi,Hybrid,Quần Short Thể Thao,Google Search,google_search,organic,tech_wear_t1_2025,2025-01-13,2025-01-14,SQL,78,63,5,0.0498,4,1,Yes,No,0,0,No Deal,T5
HS-10163,Bùi Minh Hằng,Nam,22,contact10163@gmail.com,84905001045,Hà Nội,Teacher,—,5+ lần/tuần,Remote,Combo Office-Gym Set,Facebook Ads,facebook_ads,cpc,tech_wear_t1_2025,2025-01-17,2025-01-13,MQL,66,51,5,0.2372,15,6,No,No,0,0,No Deal,T5
HS-10164,Hoàng Long,Nam,26,contact10164@gmail.com,84995927380,TP.HCM,Content Creator,—,Không đi,Văn phòng toàn thời gian,Áo Polo Ex-Dry,Zalo OA,zalo_oa,organic,tech_wear_t1_2025,2025-01-19,2025-01-13,SQL,71,56,5,0.1023,5,1,Yes,No,0,0,No Deal,T5
HS-10165,Ngô Thảo,Nam,21,contact10165@gmail.com,84961356950,Đồng Nai,Designer,—,Không đi,Remote,Quần Short Thể Thao,Facebook Ads,facebook_ads,cpc,tech_wear_t1_2025,2025-01-14,2025-01-02,Customer,72,57,7,0.1957,7,1,Yes,Yes,1,727994,Closed Won,T5
HS-10166,Vũ Quốc Long,Nữ,34,contact10166@gmail.com,84951628164,Đà Nẵng,Engineer,—,5+ lần/tuần,Remote,Quần Jogger Anti-Smell,TikTok Ads,tiktok_ads,cpc,tech_wear_t1_2025,2025-01-24,2025-01-17,Customer,45,30,5,0.092,5,1,No,Yes,2,871210,Closed Won,T5
HS-10167,Lý Thị Diễm,Nam,27,contact10167@gmail.com,84969019569,Đà Nẵng,Operations Manager,—,1-2 lần/tuần,Remote,Combo Office-Gym Set,Facebook Ads,facebook_ads,cpc,tech_wear_t1_2025,2025-01-19,2025-01-21,Customer,52,37,2,0.1056,4,1,Yes,No,1,600637,Closed Won,T5
HS-10168,Đặng Anh,Nam,23,contact10168@gmail.com,84982716910,TP.HCM,Business Analyst,—,1-2 lần/tuần,Văn phòng toàn thời gian,Combo Office-Gym Set,Organic Search,organic_search,organic,tech_wear_t1_2025,2025-01-16,2025-01-17,Customer,74,59,2,0.0315,6,1,Yes,Yes,1,578117,Closed Won,T5
HS-10169,Lê Quốc Đức,Nữ,25,contact10169@gmail.com,84950154221,TP.HCM,Teacher,—,5+ lần/tuần,Remote,Áo Thun Kỹ Thuật,TikTok Ads,tiktok_ads,cpc,tech_wear_t1_2025,2025-01-13,2025-01-18,Customer,70,55,5,0.0884,5,1,No,Yes,2,1128924,Closed Won,T5
HS-10170,Phạm Tuấn,Nam,20,contact10170@gmail.com,84946523537,Hà Nội,Engineer,—,1-2 lần/tuần,Văn phòng toàn thời gian,Quần Jogger Anti-Smell,Zalo OA,zalo_oa,organic,tech_wear_t1_2025,2025-01-15,2025-01-08,Customer,77,62,8,0.1901,6,1,No,Yes,1,478744,Closed Won,T5
HS-10171,Phan Trang,Nam,29,contact10171@gmail.com,84978350878,Hà Nội,Business Analyst,—,1-2 lần/tuần,Hybrid,Quần Short Thể Thao,Organic Search,organic_search,organic,tech_wear_t1_2025,2025-01-04,2025-01-24,Customer,52,37,4,0.1529,10,2,Yes,No,1,524386,Closed Won,T5
HS-10172,Đặng Thị Phúc,Nam,22,contact10172@gmail.com,84948014453,Cần Thơ,Engineer,—,1-2 lần/tuần,Không áp dụng,Combo Office-Gym Set,Facebook Ads,facebook_ads,cpc,tech_wear_t1_2025,2025-01-20,2025-01-01,Customer,74,59,5,0.0789,7,1,No,Yes,1,552554,Closed Won,T5
HS-10173,Trần Bảo Hùng,Nam,30,contact10173@gmail.com,84959376958,TP.HCM,Designer,—,Không đi,Remote,Áo Polo Ex-Dry,Facebook Ads,facebook_ads,cpc,tech_wear_t1_2025,2025-01-17,2025-01-09,Customer,76,61,4,0.0398,8,1,Yes,Yes,2,1110413,Closed Won,T5
HS-10174,Lý Thanh Nhung,Nữ,26,contact10174@gmail.com,84963446855,Đà Nẵng,Teacher,—,1-2 lần/tuần,Hybrid,Áo Polo Ex-Dry,Facebook Ads,facebook_ads,cpc,tech_wear_t1_2025,2025-01-05,2025-01-14,Customer,78,63,9,0.1384,10,1,Yes,Yes,1,529924,Closed Won,T5
HS-10175,Huỳnh Văn Trang,Nam,30,contact10175@gmail.com,84964365536,Hà Nội,Content Creator,—,5+ lần/tuần,Văn phòng toàn thời gian,Áo Polo Ex-Dry,Facebook Ads,facebook_ads,cpc,tech_wear_t1_2025,2025-01-01,2025-01-15,Customer,82,67,6,0.0647,10,3,Yes,Yes,2,1062657,Closed Won,T5
HS-10176,Phạm Quốc Diễm,Nam,36,contact10176@gmail.com,84910321336,Hà Nội,Marketing Executive,—,Không đi,Hybrid,Quần Short Thể Thao,Google Search,google_search,organic,tech_wear_t1_2025,2025-01-05,2025-01-27,MQL,66,51,3,0.1854,11,3,Yes,No,0,0,No Deal,T5
HS-10177,Hồ Hữu Diễm,Nam,30,contact10177@gmail.com,84927695858,Hà Nội,Engineer,—,Không đi,Remote,Áo Thun Kỹ Thuật,Facebook Ads,facebook_ads,cpc,tech_wear_t1_2025,2025-01-26,2025-01-11,Customer,76,61,5,0.0918,6,1,Yes,Yes,1,542694,Closed Won,T5
HS-10178,Võ Văn Anh,Nam,25,contact10178@gmail.com,84936346859,TP.HCM,Engineer,—,5+ lần/tuần,Không áp dụng,Áo Thun Kỹ Thuật,Google Search,google_search,organic,tech_wear_t1_2025,2025-01-05,2025-01-24,SQL,74,59,3,0.0389,11,1,Yes,No,0,0,No Deal,T5
HS-10179,Dương Thanh Trang,Nam,25,contact10179@gmail.com,84960749710,Hà Nội,Designer,—,3-4 lần/tuần,Không áp dụng,Áo Polo Ex-Dry,Google Search,google_search,organic,tech_wear_t1_2025,2025-01-21,2025-01-09,Customer,71,56,4,0.0985,7,2,Yes,Yes,2,1312023,Closed Won,T5
HS-10180,Lê Thanh Phương,Nam,25,contact10180@gmail.com,84939785651,Đà Nẵng,HR Manager,—,5+ lần/tuần,Remote,Quần Short Thể Thao,TikTok Ads,tiktok_ads,cpc,tech_wear_t1_2025,2025-01-24,2025-01-01,Customer,77,62,5,0.0591,4,1,Yes,Yes,1,634023,Closed Won,T5
HS-10181,Ngô Văn Phúc,Nam,26,contact10181@gmail.com,84910055079,Hà Nội,Product Manager,—,3-4 lần/tuần,Remote,Quần Jogger Anti-Smell,Facebook Ads,facebook_ads,cpc,tech_wear_t1_2025,2025-01-01,2025-01-14,Customer,73,58,11,0.057,3,1,Yes,Yes,1,531925,Closed Won,T5
HS-10182,Ngô Hữu Nhung,Nam,28,contact10182@gmail.com,84943728950,Hà Nội,Freelancer,—,3-4 lần/tuần,Remote,Quần Jogger Anti-Smell,Google Search,google_search,organic,tech_wear_t1_2025,2025-01-07,2025-01-08,Customer,69,54,5,0.0843,3,1,No,Yes,1,596292,Closed Won,T5
HS-10183,Lý Thanh Hoa,Nam,27,contact10183@gmail.com,84950629738,Hà Nội,Designer,—,1-2 lần/tuần,Hybrid,Quần Short Thể Thao,TikTok Ads,tiktok_ads,cpc,tech_wear_t2_2025,2025-02-12,2025-02-05,Customer,44,29,2,0.1591,8,4,Yes,No,1,686493,Closed Won,T5
HS-10184,Hoàng Minh Minh,Nam,22,contact10184@gmail.com,84944336333,Hà Nội,Freelancer,—,1-2 lần/tuần,Không áp dụng,Quần Jogger Anti-Smell,TikTok Ads,tiktok_ads,cpc,tech_wear_t2_2025,2025-02-20,2025-02-21,MQL,65,50,4,0.0736,4,1,Yes,No,0,0,No Deal,T5
HS-10185,Đặng Quốc Quân,Nữ,28,contact10185@gmail.com,84900647296,Bình Dương,Accountant,—,Không đi,Hybrid,Quần Short Thể Thao,TikTok Ads,tiktok_ads,cpc,tech_wear_t2_2025,2025-02-06,2025-02-05,MQL,63,48,6,0.1444,6,1,Yes,No,0,0,No Deal,T5
HS-10186,Võ Đức Minh,Nam,28,contact10186@gmail.com,84914497054,Bình Dương,Designer,—,3-4 lần/tuần,Không áp dụng,Quần Short Thể Thao,TikTok Ads,tiktok_ads,cpc,tech_wear_t2_2025,2025-02-09,2025-02-26,Customer,63,48,4,0.25,5,1,No,Yes,2,1007961,Closed Won,T5
HS-10187,Huỳnh Thị Nam,Nữ,31,contact10187@gmail.com,84912417420,Hà Nội,Content Creator,—,Không đi,Remote,Combo Office-Gym Set,Email Marketing,email_marketing,organic,tech_wear_t2_2025,2025-02-13,2025-02-11,MQL,64,49,7,0.0842,5,1,No,No,0,0,No Deal,T5
HS-10188,Lê Thanh Hằng,Nam,26,contact10188@gmail.com,84952374471,TP.HCM,Operations Manager,—,1-2 lần/tuần,Remote,Quần Jogger Anti-Smell,Organic Search,organic_search,organic,tech_wear_t2_2025,2025-02-14,2025-02-09,Customer,56,41,2,0.146,8,1,Yes,Yes,2,967946,Closed Won,T5
HS-10189,Ngô Hữu Dũng,Nữ,25,contact10189@gmail.com,84978308332,TP.HCM,Designer,—,5+ lần/tuần,Remote,Combo Office-Gym Set,Organic Search,organic_search,organic,tech_wear_t2_2025,2025-02-23,2025-02-16,MQL,64,49,3,0.0904,9,1,Yes,No,0,0,No Deal,T5
HS-10190,Hồ Thị Quân,Nam,38,contact10190@gmail.com,84971226787,Hà Nội,Sales Executive,—,1-2 lần/tuần,Không áp dụng,Quần Jogger Anti-Smell,Facebook Ads,facebook_ads,cpc,tech_wear_t2_2025,2025-02-17,2025-02-13,Customer,71,56,6,0.0653,6,1,Yes,Yes,1,626478,Closed Won,T5
HS-10191,Huỳnh Văn Dũng,Nam,23,contact10191@gmail.com,84935009897,TP.HCM,Teacher,—,Không đi,Văn phòng toàn thời gian,Quần Short Thể Thao,Organic Search,organic_search,organic,tech_wear_t2_2025,2025-02-23,2025-02-22,Customer,43,28,4,0.1538,5,1,No,No,1,691722,Closed Won,T5
HS-10192,Trần Bảo Mai,Nữ,29,contact10192@gmail.com,84965174694,TP.HCM,Operations Manager,—,3-4 lần/tuần,Không áp dụng,Áo Polo Ex-Dry,Organic Search,organic_search,organic,tech_wear_t2_2025,2025-02-18,2025-02-19,Customer,60,45,3,0.142,4,1,No,Yes,2,916162,Closed Won,T5
HS-10193,Võ Vy,Nam,30,contact10193@gmail.com,84949133346,Hà Nội,Accountant,—,1-2 lần/tuần,Remote,Quần Short Thể Thao,Google Search,google_search,organic,tech_wear_t2_2025,2025-02-18,2025-02-03,Customer,67,52,2,0.0646,8,1,Yes,Yes,1,452652,Closed Won,T5
HS-10194,Nguyễn Đức Đức,Nam,27,contact10194@gmail.com,84999669344,Hà Nội,Teacher,—,3-4 lần/tuần,Văn phòng toàn thời gian,Áo Polo Ex-Dry,TikTok Ads,tiktok_ads,cpc,tech_wear_t2_2025,2025-02-07,2025-02-04,Customer,40,25,5,0.02,3,1,Yes,Yes,2,1257228,Closed Won,T5
HS-10195,Trần Thanh Thảo,Nữ,28,contact10195@gmail.com,84938020566,TP.HCM,Engineer,—,5+ lần/tuần,Remote,Áo Thun Kỹ Thuật,TikTok Ads,tiktok_ads,cpc,tech_wear_t2_2025,2025-02-26,2025-02-04,Customer,69,54,5,0.0668,4,1,Yes,Yes,1,517419,Closed Won,T5
HS-10196,Lý Quốc Nhung,Nữ,21,contact10196@gmail.com,84986012533,Đà Nẵng,Designer,—,3-4 lần/tuần,Remote,Áo Thun Kỹ Thuật,Google Search,google_search,organic,tech_wear_t2_2025,2025-02-08,2025-02-24,MQL,66,51,1,0.1911,13,5,Yes,No,0,0,No Deal,T5
HS-10197,Võ Minh,Nam,28,contact10197@gmail.com,84994409907,Hà Nội,Accountant,—,3-4 lần/tuần,Remote,Quần Jogger Anti-Smell,Facebook Ads,facebook_ads,cpc,tech_wear_t2_2025,2025-02-04,2025-02-18,Customer,76,61,4,0.1021,5,1,Yes,Yes,2,963351,Closed Won,T5
HS-10198,Lê Quốc Hoa,Nam,23,contact10198@gmail.com,84943069838,Hà Nội,Designer,—,5+ lần/tuần,Remote,Combo Office-Gym Set,Facebook Ads,facebook_ads,cpc,tech_wear_t2_2025,2025-02-02,2025-02-27,Customer,62,47,6,0.11,7,3,No,Yes,2,1053014,Closed Won,T5
HS-10199,Lê Nam,Nam,32,contact10199@gmail.com,84924362375,TP.HCM,Designer,—,1-2 lần/tuần,Không áp dụng,Quần Jogger Anti-Smell,TikTok Ads,tiktok_ads,cpc,tech_wear_t2_2025,2025-02-04,2025-02-25,Customer,60,45,7,0.0855,5,1,Yes,Yes,2,1090595,Closed Won,T5
HS-10200,Lê Thị Khoa,Nam,26,contact10200@gmail.com,84995779593,Đồng Nai,Content Creator,—,Không đi,Không áp dụng,Quần Jogger Anti-Smell,Google Search,google_search,organic,tech_wear_t2_2025,2025-02-11,2025-02-18,MQL,68,53,6,0.1444,5,1,Yes,No,0,0,No Deal,T5
HS-10201,Phạm Đức Nhung,Nữ,24,contact10201@gmail.com,84923912113,TP.HCM,Designer,—,1-2 lần/tuần,Remote,Áo Thun Kỹ Thuật,TikTok Ads,tiktok_ads,cpc,tech_wear_t2_2025,2025-02-03,2025-02-07,Customer,70,55,5,0.1996,4,1,Yes,Yes,1,606649,Closed Won,T5
HS-10202,Đặng Bảo Hải,Nam,30,contact10202@gmail.com,84947246348,TP.HCM,Designer,—,1-2 lần/tuần,Văn phòng toàn thời gian,Quần Jogger Anti-Smell,Email Marketing,email_marketing,organic,tech_wear_t2_2025,2025-02-18,2025-02-13,Customer,43,28,7,0.0664,6,1,No,No,1,578633,Closed Won,T5
HS-10203,Trần Bảo Đức,Nam,23,contact10203@gmail.com,84983649971,Bình Dương,HR Manager,—,5+ lần/tuần,Không áp dụng,Quần Jogger Anti-Smell,TikTok Ads,tiktok_ads,cpc,tech_wear_t2_2025,2025-02-21,2025-02-10,Customer,71,56,2,0.0824,7,1,No,Yes,1,685002,Closed Won,T5
HS-10204,Phan Hữu Quân,Nữ,23,contact10204@gmail.com,84950120903,TP.HCM,Marketing Executive,—,5+ lần/tuần,Hybrid,Áo Polo Ex-Dry,Google Search,google_search,organic,tech_wear_t2_2025,2025-02-23,2025-02-24,MQL,64,49,3,0.1401,8,1,No,No,0,0,No Deal,T5
HS-10205,Đặng Đức Thành,Nữ,25,contact10205@gmail.com,84920681938,Hà Nội,Accountant,—,Không đi,Không áp dụng,Combo Office-Gym Set,Organic Search,organic_search,organic,tech_wear_t2_2025,2025-02-19,2025-02-11,Customer,71,56,5,0.0859,7,1,Yes,Yes,1,647335,Closed Won,T5
HS-10206,Trần Hữu Đức,Nam,28,contact10206@gmail.com,84991323773,Hà Nội,Engineer,—,3-4 lần/tuần,Không áp dụng,Áo Polo Ex-Dry,Facebook Ads,facebook_ads,cpc,tech_wear_t2_2025,2025-02-09,2025-02-25,Customer,71,56,5,0.105,4,1,Yes,Yes,1,492350,Closed Won,T5
HS-10207,Võ Quân,Nam,28,contact10207@gmail.com,84908181883,Hà Nội,Operations Manager,—,5+ lần/tuần,Hybrid,Áo Polo Ex-Dry,Facebook Ads,facebook_ads,cpc,tech_wear_t2_2025,2025-02-18,2025-02-22,MQL,66,51,5,0.1425,12,4,Yes,No,0,0,No Deal,T5
HS-10208,Hoàng Minh Vy,Nữ,29,contact10208@gmail.com,84941835879,TP.HCM,Accountant,—,Không đi,Văn phòng toàn thời gian,Áo Thun Kỹ Thuật,Organic Search,organic_search,organic,tech_wear_t2_2025,2025-02-11,2025-02-22,MQL,65,50,2,0.1695,6,4,No,No,0,0,No Deal,T5
HS-10209,Nguyễn Bảo Đức,Nam,27,contact10209@gmail.com,84910831890,TP.HCM,Accountant,—,5+ lần/tuần,Văn phòng toàn thời gian,Quần Short Thể Thao,Organic Search,organic_search,organic,tech_wear_t2_2025,2025-02-07,2025-02-12,Customer,67,52,8,0.0807,7,1,No,Yes,1,564674,Closed Won,T5
HS-10210,Bùi Hữu Bảo,Nam,28,contact10210@gmail.com,84931978888,TP.HCM,Engineer,—,1-2 lần/tuần,Văn phòng toàn thời gian,Áo Thun Kỹ Thuật,Facebook Ads,facebook_ads,cpc,tech_wear_t2_2025,2025-02-22,2025-02-10,Customer,68,53,2,0.1942,7,1,Yes,Yes,1,563289,Closed Won,T5
HS-10211,Trần Bảo Bảo,Nam,23,contact10211@gmail.com,84912663723,TP.HCM,Content Creator,—,1-2 lần/tuần,Văn phòng toàn thời gian,Quần Short Thể Thao,Organic Search,organic_search,organic,tech_wear_t3_2025,2025-03-11,2025-03-25,Customer,56,41,4,0.1234,10,3,No,Yes,2,1036869,Closed Won,T5
HS-10212,Đặng Quốc Hằng,Nam,32,contact10212@gmail.com,84933122266,Hà Nội,Content Creator,—,3-4 lần/tuần,Không áp dụng,Quần Jogger Anti-Smell,Facebook Ads,facebook_ads,cpc,tech_wear_t3_2025,2025-03-15,2025-03-23,MQL,47,32,3,0.0854,2,1,No,No,0,0,No Deal,T5
HS-10213,Đỗ Đức,Nam,25,contact10213@gmail.com,84991838097,Bình Dương,Product Manager,—,5+ lần/tuần,Văn phòng toàn thời gian,Áo Thun Kỹ Thuật,Facebook Ads,facebook_ads,cpc,tech_wear_t3_2025,2025-03-09,2025-03-07,MQL,55,40,7,0.0765,4,1,No,No,0,0,No Deal,T5
HS-10214,Phan Đức Linh,Nam,24,contact10214@gmail.com,84925090373,TP.HCM,Freelancer,—,3-4 lần/tuần,Hybrid,Áo Thun Kỹ Thuật,Organic Search,organic_search,organic,tech_wear_t3_2025,2025-03-21,2025-03-08,MQL,55,40,2,0.1564,6,1,Yes,No,0,0,No Deal,T5
HS-10215,Hoàng Thanh Phương,Nữ,31,contact10215@gmail.com,84993986640,Hà Nội,Engineer,—,3-4 lần/tuần,Văn phòng toàn thời gian,Quần Jogger Anti-Smell,TikTok Ads,tiktok_ads,cpc,tech_wear_t3_2025,2025-03-03,2025-03-25,MQL,58,43,5,0.1122,4,1,Yes,No,0,0,No Deal,T5
HS-10216,Bùi Thanh Yến,Nam,30,contact10216@gmail.com,84932557230,TP.HCM,Content Creator,—,5+ lần/tuần,Hybrid,Quần Jogger Anti-Smell,Facebook Ads,facebook_ads,cpc,tech_wear_t3_2025,2025-03-05,2025-03-06,MQL,61,46,2,0.1395,1,1,Yes,No,0,0,No Deal,T5
HS-10217,Dương Thị Bảo,Nam,26,contact10217@gmail.com,84974144519,TP.HCM,Marketing Executive,—,1-2 lần/tuần,Hybrid,Áo Polo Ex-Dry,Email Marketing,email_marketing,organic,tech_wear_t3_2025,2025-03-24,2025-03-08,MQL,53,38,1,0.0973,7,1,Yes,No,0,0,No Deal,T5
HS-10218,Lý Đức Linh,Nam,29,contact10218@gmail.com,84956285723,Hà Nội,HR Manager,—,Không đi,Không áp dụng,Áo Polo Ex-Dry,Organic Search,organic_search,organic,tech_wear_t3_2025,2025-03-17,2025-03-27,MQL,59,44,2,0.0814,3,1,Yes,No,0,0,No Deal,T5
HS-10219,Nguyễn Văn Anh,Nữ,35,contact10219@gmail.com,84939747799,Bình Dương,HR Manager,—,Không đi,Remote,Áo Thun Kỹ Thuật,Google Search,google_search,organic,tech_wear_t3_2025,2025-03-25,2025-03-15,MQL,56,41,3,0.1131,4,1,Yes,No,0,0,No Deal,T5
HS-10220,Ngô Hữu Kiên,Nam,23,contact10220@gmail.com,84990615006,TP.HCM,Product Manager,—,Không đi,Văn phòng toàn thời gian,Quần Short Thể Thao,TikTok Ads,tiktok_ads,cpc,tech_wear_t3_2025,2025-03-08,2025-03-12,MQL,52,37,4,0.0642,5,1,Yes,No,0,0,No Deal,T5
HS-10221,Trần Nam,Nam,28,contact10221@gmail.com,84948726898,TP.HCM,Teacher,—,5+ lần/tuần,Không áp dụng,Quần Short Thể Thao,Google Search,google_search,organic,tech_wear_t3_2025,2025-03-02,2025-03-17,Customer,56,41,3,0.048,2,1,No,No,1,679098,Closed Won,T5
HS-10222,Đỗ Khoa,Nam,27,contact10222@gmail.com,84957034340,Hà Nội,Freelancer,—,5+ lần/tuần,Remote,Áo Thun Kỹ Thuật,Google Search,google_search,organic,tech_wear_t3_2025,2025-03-10,2025-03-11,MQL,54,39,1,0.0499,3,1,No,No,0,0,No Deal,T5
HS-10223,Võ Thanh Phương,Nữ,30,contact10223@gmail.com,84974504737,Bình Dương,Product Manager,—,5+ lần/tuần,Văn phòng toàn thời gian,Áo Polo Ex-Dry,Organic Search,organic_search,organic,tech_wear_t3_2025,2025-03-25,2025-03-07,Customer,51,36,4,0.0731,3,1,Yes,No,1,548873,Closed Won,T5
HS-10224,Đặng Phúc,Nữ,27,contact10224@gmail.com,84925589001,Đà Nẵng,Teacher,—,Không đi,Văn phòng toàn thời gian,Combo Office-Gym Set,Organic Search,organic_search,organic,tech_wear_t3_2025,2025-03-09,2025-03-09,Customer,43,28,2,0.0491,5,2,Yes,Yes,2,1241024,Closed Won,T5
HS-10225,Hồ Quốc Anh,Nữ,20,contact10225@gmail.com,84909017497,TP.HCM,Business Analyst,—,Không đi,Không áp dụng,Quần Short Thể Thao,Google Search,google_search,organic,tech_wear_t3_2025,2025-03-21,2025-03-14,MQL,52,37,4,0.0248,3,1,Yes,No,0,0,No Deal,T5
HS-10226,Phạm Hữu Hương,Nam,29,contact10226@gmail.com,84952775939,TP.HCM,Product Manager,—,1-2 lần/tuần,Remote,Quần Jogger Anti-Smell,Facebook Ads,facebook_ads,cpc,tech_wear_t3_2025,2025-03-25,2025-03-17,MQL,57,42,3,0.0636,8,2,Yes,No,0,0,No Deal,T5
HS-10227,Hoàng Đức Đức,Nữ,28,contact10227@gmail.com,84988695125,Bình Dương,Engineer,—,1-2 lần/tuần,Hybrid,Áo Thun Kỹ Thuật,TikTok Ads,tiktok_ads,cpc,tech_wear_t3_2025,2025-03-12,2025-03-06,Customer,51,36,2,0.2005,3,1,Yes,No,1,648510,Closed Won,T5
HS-10228,Huỳnh Minh Ngọc,Nam,23,contact10228@gmail.com,84920462320,Hà Nội,Teacher,—,5+ lần/tuần,Hybrid,Quần Jogger Anti-Smell,TikTok Ads,tiktok_ads,cpc,tech_wear_t3_2025,2025-03-10,2025-03-27,MQL,54,39,4,0.0462,12,6,Yes,No,0,0,No Deal,T5
HS-10229,Lê Đức Thảo,Nữ,26,contact10229@gmail.com,84964451671,TP.HCM,Sales Executive,—,1-2 lần/tuần,Remote,Combo Office-Gym Set,Facebook Ads,facebook_ads,cpc,tech_wear_t3_2025,2025-03-06,2025-03-01,MQL,56,41,3,0.0949,7,2,No,No,0,0,No Deal,T5
HS-10230,Lê Anh,Nam,26,contact10230@gmail.com,84952558687,TP.HCM,Engineer,—,5+ lần/tuần,Hybrid,Quần Jogger Anti-Smell,TikTok Ads,tiktok_ads,cpc,tech_wear_t3_2025,2025-03-17,2025-03-19,MQL,51,36,1,0.0473,3,1,Yes,No,0,0,No Deal,T5
HS-10231,Hoàng Văn Khoa,Nam,33,contact10231@gmail.com,84981133957,Hà Nội,Business Analyst,—,Không đi,Remote,Quần Short Thể Thao,TikTok Ads,tiktok_ads,cpc,tech_wear_t3_2025,2025-03-16,2025-03-03,MQL,53,38,2,0.1636,8,4,Yes,No,0,0,No Deal,T5
HS-10232,Lý Quốc Mai,Nam,30,contact10232@gmail.com,84976321231,TP.HCM,Business Analyst,—,Không đi,Không áp dụng,Áo Thun Kỹ Thuật,Google Search,google_search,organic,tech_wear_t3_2025,2025-03-01,2025-03-17,MQL,50,35,2,0.1731,7,4,No,No,0,0,No Deal,T5
HS-10233,Lê Thanh Khoa,Nam,28,contact10233@gmail.com,84976885981,TP.HCM,Accountant,—,1-2 lần/tuần,Hybrid,Áo Thun Kỹ Thuật,TikTok Ads,tiktok_ads,cpc,tech_wear_t3_2025,2025-03-01,2025-03-13,MQL,58,43,3,0.0582,2,1,Yes,No,0,0,No Deal,T5
HS-10234,Hoàng Khoa,Nam,31,contact10234@gmail.com,84984538835,Đồng Nai,Content Creator,—,3-4 lần/tuần,Văn phòng toàn thời gian,Áo Polo Ex-Dry,TikTok Ads,tiktok_ads,cpc,tech_wear_t3_2025,2025-03-27,2025-03-17,Customer,57,42,9,0.1217,2,1,Yes,Yes,2,1072060,Closed Won,T5
HS-10235,Dương Thanh Hoa,Nam,26,contact10235@gmail.com,84935637395,Đà Nẵng,Freelancer,—,1-2 lần/tuần,Văn phòng toàn thời gian,Combo Office-Gym Set,Google Search,google_search,organic,tech_wear_t3_2025,2025-03-20,2025-03-03,MQL,64,49,3,0.1897,6,1,No,No,0,0,No Deal,T5
HS-10236,Đặng Long,Nam,32,contact10236@gmail.com,84976386965,Hà Nội,Product Manager,—,3-4 lần/tuần,Remote,Quần Short Thể Thao,Facebook Ads,facebook_ads,cpc,tech_wear_t3_2025,2025-03-27,2025-03-24,Customer,48,33,4,0.0311,3,1,No,No,1,594964,Closed Won,T5
HS-10237,Ngô Tâm,Nam,28,contact10237@gmail.com,84935463343,TP.HCM,HR Manager,—,3-4 lần/tuần,Remote,Áo Polo Ex-Dry,Zalo OA,zalo_oa,organic,tech_wear_t3_2025,2025-03-10,2025-03-18,MQL,60,45,4,0.0233,4,1,Yes,No,0,0,No Deal,T5
HS-10238,Vũ Quốc Thảo,Nam,29,contact10238@gmail.com,84980610414,TP.HCM,Engineer,—,1-2 lần/tuần,Không áp dụng,Áo Polo Ex-Dry,TikTok Ads,tiktok_ads,cpc,tech_wear_t3_2025,2025-03-25,2025-03-14,MQL,59,44,2,0.09,4,1,No,No,0,0,No Deal,T5
HS-10239,Dương Thị Tuấn,Nữ,21,contact10239@gmail.com,84955851596,Đà Nẵng,Business Analyst,—,1-2 lần/tuần,Văn phòng toàn thời gian,Combo Office-Gym Set,TikTok Ads,tiktok_ads,cpc,tech_wear_t3_2025,2025-03-10,2025-03-06,MQL,53,38,4,0.1778,6,2,Yes,No,0,0,No Deal,T5
HS-10240,Trần Thành,Nam,31,contact10240@gmail.com,84990809061,Hà Nội,Operations Manager,—,3-4 lần/tuần,Văn phòng toàn thời gian,Áo Thun Kỹ Thuật,Email Marketing,email_marketing,organic,tech_wear_t3_2025,2025-03-18,2025-03-11,MQL,53,38,3,0.072,7,2,No,No,0,0,No Deal,T5
HS-10241,Lê Thanh Linh,Nam,26,contact10241@gmail.com,84976351077,Hà Nội,HR Manager,—,Không đi,Không áp dụng,Quần Short Thể Thao,Google Search,google_search,organic,tech_wear_t3_2025,2025-03-16,2025-03-05,Customer,52,37,0,0.0641,4,1,Yes,No,1,459072,Closed Won,T5
HS-10242,Phạm Bảo Lan,Nữ,30,contact10242@gmail.com,84932377375,Đà Nẵng,Accountant,—,3-4 lần/tuần,Không áp dụng,Quần Short Thể Thao,Email Marketing,email_marketing,organic,tech_wear_t3_2025,2025-03-04,2025-03-14,MQL,57,42,2,0.1431,1,1,Yes,No,0,0,No Deal,T5
HS-10243,Đỗ Quốc Tú,Nam,20,contact10243@gmail.com,84907347000,Hà Nội,HR Manager,—,5+ lần/tuần,Không áp dụng,Áo Polo Ex-Dry,TikTok Ads,tiktok_ads,cpc,tech_wear_t3_2025,2025-03-15,2025-03-05,MQL,48,33,1,0.0686,4,1,Yes,No,0,0,No Deal,T5
HS-10244,Lý Mai,Nam,20,contact10244@gmail.com,84945188745,Bình Dương,Freelancer,—,3-4 lần/tuần,Hybrid,Combo Office-Gym Set,Facebook Ads,facebook_ads,cpc,tech_wear_t3_2025,2025-03-04,2025-03-02,Customer,58,43,3,0.0796,0,1,Yes,No,1,693529,Closed Won,T5
HS-10245,Ngô Long,Nữ,32,contact10245@gmail.com,84944362533,Đà Nẵng,Sales Executive,—,5+ lần/tuần,Văn phòng toàn thời gian,Combo Office-Gym Set,Google Search,google_search,organic,tech_wear_t4_2025,2025-04-19,2025-04-06,Lead,33,18,3,0.0397,4,1,No,No,0,0,No Deal,T5
HS-10246,Vũ Phúc,Nam,23,contact10246@gmail.com,84962738549,Hà Nội,HR Manager,—,Không đi,Không áp dụng,Áo Polo Ex-Dry,TikTok Ads,tiktok_ads,cpc,tech_wear_t4_2025,2025-04-20,2025-04-22,Lead,30,15,0,0.1043,2,1,No,No,0,0,No Deal,T5
HS-10247,Huỳnh Thị Minh,Nam,33,contact10247@gmail.com,84924365389,TP.HCM,Product Manager,—,5+ lần/tuần,Remote,Áo Thun Kỹ Thuật,Google Search,google_search,organic,tech_wear_t4_2025,2025-04-17,2025-04-03,Lead,37,22,1,0.159,1,1,Yes,No,0,0,No Deal,T5
HS-10248,Huỳnh Văn Linh,Nam,29,contact10248@gmail.com,84937221001,Đồng Nai,Content Creator,—,5+ lần/tuần,Không áp dụng,Quần Short Thể Thao,Facebook Ads,facebook_ads,cpc,tech_wear_t4_2025,2025-04-18,2025-04-06,Lead,36,21,3,0.1142,3,1,Yes,No,0,0,No Deal,T5
HS-10249,Lê Bảo Hương,Nam,23,contact10249@gmail.com,84961065507,Bình Dương,Sales Executive,—,1-2 lần/tuần,Văn phòng toàn thời gian,Áo Thun Kỹ Thuật,TikTok Ads,tiktok_ads,cpc,tech_wear_t4_2025,2025-04-27,2025-04-11,MQL,41,26,1,0.1525,1,1,No,No,0,0,No Deal,T5
HS-10250,Trần Đức Linh,Nam,24,contact10250@gmail.com,84933059070,TP.HCM,Accountant,—,5+ lần/tuần,Hybrid,Quần Short Thể Thao,Facebook Ads,facebook_ads,cpc,tech_wear_t4_2025,2025-04-01,2025-04-26,Lead,35,20,0,0.0525,3,1,Yes,No,0,0,No Deal,T5
HS-10251,Phan Văn Thành,Nam,34,contact10251@gmail.com,84910117390,Bình Dương,Sales Executive,—,1-2 lần/tuần,Hybrid,Áo Thun Kỹ Thuật,Organic Search,organic_search,organic,tech_wear_t4_2025,2025-04-07,2025-04-21,Customer,41,26,3,0.0337,5,3,No,No,1,507632,Closed Won,T5
HS-10252,Huỳnh Hữu Dũng,Nữ,33,contact10252@gmail.com,84913552664,Hà Nội,Accountant,—,Không đi,Văn phòng toàn thời gian,Áo Polo Ex-Dry,TikTok Ads,tiktok_ads,cpc,tech_wear_t4_2025,2025-04-21,2025-04-23,Lead,32,17,3,0.0872,2,1,No,No,0,0,No Deal,T5
HS-10253,Đặng Quốc Hương,Nam,30,contact10253@gmail.com,84977141378,TP.HCM,Product Manager,—,3-4 lần/tuần,Remote,Quần Jogger Anti-Smell,Email Marketing,email_marketing,organic,tech_wear_t4_2025,2025-04-15,2025-04-03,Lead,33,18,0,0.0231,0,1,No,No,0,0,No Deal,T5
HS-10254,Lý Thị Tú,Nam,30,contact10254@gmail.com,84934806093,TP.HCM,Designer,—,1-2 lần/tuần,Remote,Áo Polo Ex-Dry,Facebook Ads,facebook_ads,cpc,tech_wear_t4_2025,2025-04-07,2025-04-15,Lead,32,17,2,0.063,0,1,No,No,0,0,No Deal,T5
HS-10255,Bùi Linh,Nữ,26,contact10255@gmail.com,84919973915,Đà Nẵng,Sales Executive,—,Không đi,Remote,Combo Office-Gym Set,Zalo OA,zalo_oa,organic,tech_wear_t4_2025,2025-04-25,2025-04-19,Lead,32,17,3,0.1158,12,7,No,No,0,0,No Deal,T5
HS-10256,Huỳnh Hữu Anh,Nam,28,contact10256@gmail.com,84967340278,Hà Nội,Sales Executive,—,5+ lần/tuần,Hybrid,Áo Thun Kỹ Thuật,Facebook Ads,facebook_ads,cpc,tech_wear_t4_2025,2025-04-15,2025-04-13,Lead,28,13,1,0.1187,2,1,No,No,0,0,No Deal,T5
HS-10257,Phan Văn Mai,Nam,28,contact10257@gmail.com,84923507635,Hà Nội,Marketing Executive,—,5+ lần/tuần,Hybrid,Quần Short Thể Thao,Google Search,google_search,organic,tech_wear_t4_2025,2025-04-26,2025-04-03,Lead,39,24,3,0.0724,0,1,No,No,0,0,No Deal,T5
HS-10258,Phan Thanh Yến,Nam,34,contact10258@gmail.com,84911038804,Hải Phòng,Content Creator,—,1-2 lần/tuần,Remote,Áo Polo Ex-Dry,Zalo OA,zalo_oa,organic,tech_wear_t4_2025,2025-04-01,2025-04-06,Lead,34,19,3,0.0979,2,1,No,No,0,0,No Deal,T5
HS-10259,Lê Hải,Nam,30,contact10259@gmail.com,84905982547,TP.HCM,Teacher,—,3-4 lần/tuần,Remote,Combo Office-Gym Set,Google Search,google_search,organic,tech_wear_t4_2025,2025-04-09,2025-04-21,Lead,33,18,2,0.0996,3,1,Yes,No,0,0,No Deal,T5
HS-10260,Trần Nam,Nữ,23,contact10260@gmail.com,84968110885,Hà Nội,HR Manager,—,Không đi,Remote,Quần Short Thể Thao,Facebook Ads,facebook_ads,cpc,tech_wear_t4_2025,2025-04-11,2025-04-14,Lead,36,21,1,0.1291,0,1,Yes,No,0,0,No Deal,T5
HS-10261,Hồ Thị Trang,Nam,23,contact10261@gmail.com,84962266549,Hà Nội,Product Manager,—,Không đi,Remote,Áo Polo Ex-Dry,TikTok Ads,tiktok_ads,cpc,tech_wear_t4_2025,2025-04-01,2025-04-10,Lead,27,12,1,0.1667,3,1,Yes,No,0,0,No Deal,T5
HS-10262,Dương Long,Nam,20,contact10262@gmail.com,84970770961,TP.HCM,Freelancer,—,1-2 lần/tuần,Văn phòng toàn thời gian,Áo Thun Kỹ Thuật,Zalo OA,zalo_oa,organic,tech_wear_t4_2025,2025-04-09,2025-04-15,Lead,36,21,1,0.1914,0,1,Yes,No,0,0,No Deal,T5
HS-10263,Đặng Hương,Nam,23,contact10263@gmail.com,84920411399,TP.HCM,Product Manager,—,5+ lần/tuần,Hybrid,Áo Polo Ex-Dry,TikTok Ads,tiktok_ads,cpc,tech_wear_t4_2025,2025-04-21,2025-04-11,Lead,28,13,3,0.0403,6,2,Yes,No,0,0,No Deal,T5
HS-10264,Lý Quốc Yến,Nữ,30,contact10264@gmail.com,84995071437,Hải Phòng,Operations Manager,—,5+ lần/tuần,Remote,Combo Office-Gym Set,TikTok Ads,tiktok_ads,cpc,tech_wear_t4_2025,2025-04-05,2025-04-23,Lead,35,20,1,0.1138,3,1,No,No,0,0,No Deal,T5
HS-10265,Bùi Thị Vy,Nam,27,contact10265@gmail.com,84909179279,Cần Thơ,Business Analyst,—,Không đi,Hybrid,Áo Polo Ex-Dry,Organic Search,organic_search,organic,tech_wear_t4_2025,2025-04-04,2025-04-15,Lead,31,16,1,0.108,2,1,No,No,0,0,No Deal,T5
HS-10266,Đặng Văn Quang,Nữ,25,contact10266@gmail.com,84957900186,Bình Dương,Operations Manager,—,5+ lần/tuần,Văn phòng toàn thời gian,Quần Jogger Anti-Smell,TikTok Ads,tiktok_ads,cpc,tech_wear_t4_2025,2025-04-04,2025-04-25,Lead,28,13,2,0.066,3,1,No,No,0,0,No Deal,T5
HS-10267,Đặng Minh Ngọc,Nam,26,contact10267@gmail.com,84907838941,TP.HCM,Teacher,—,Không đi,Không áp dụng,Combo Office-Gym Set,Facebook Ads,facebook_ads,cpc,tech_wear_t4_2025,2025-04-20,2025-04-16,Lead,28,13,1,0.0704,1,1,No,No,0,0,No Deal,T5
HS-10268,Nguyễn Thanh Hải,Nam,27,contact10268@gmail.com,84951662376,Cần Thơ,Teacher,—,5+ lần/tuần,Văn phòng toàn thời gian,Combo Office-Gym Set,Organic Search,organic_search,organic,tech_wear_t4_2025,2025-04-10,2025-04-21,Lead,35,20,4,0.0334,1,1,No,No,0,0,No Deal,T5
HS-10269,Đỗ Bảo Hoa,Nam,26,contact10269@gmail.com,84906562865,TP.HCM,HR Manager,—,1-2 lần/tuần,Remote,Quần Jogger Anti-Smell,TikTok Ads,tiktok_ads,cpc,tech_wear_t4_2025,2025-04-15,2025-04-15,Lead,27,12,6,0.0699,5,4,No,No,0,0,No Deal,T5
HS-10270,Trần Hương,Nam,23,contact10270@gmail.com,84913593077,Đà Nẵng,Accountant,—,3-4 lần/tuần,Remote,Quần Short Thể Thao,Facebook Ads,facebook_ads,cpc,tech_wear_t4_2025,2025-04-23,2025-04-25,Lead,26,11,0,0.0485,3,1,No,No,0,0,No Deal,T5
HS-10271,Đặng Văn Thành,Nam,26,contact10271@gmail.com,84928549561,Hà Nội,Accountant,—,5+ lần/tuần,Hybrid,Quần Jogger Anti-Smell,Facebook Ads,facebook_ads,cpc,tech_wear_t4_2025,2025-04-04,2025-04-21,Lead,26,11,3,0.0273,1,1,Yes,No,0,0,No Deal,T5
HS-10272,Lý Thanh Ngọc,Nữ,25,contact10272@gmail.com,84912234908,Hà Nội,HR Manager,—,5+ lần/tuần,Hybrid,Combo Office-Gym Set,Zalo OA,zalo_oa,organic,tech_wear_t4_2025,2025-04-14,2025-04-01,Lead,33,18,0,0.0907,4,1,Yes,No,0,0,No Deal,T5
HS-10273,Đỗ Thanh Vy,Nam,27,contact10273@gmail.com,84996982614,TP.HCM,Sales Executive,—,5+ lần/tuần,Remote,Quần Jogger Anti-Smell,Google Search,google_search,organic,tech_wear_t4_2025,2025-04-24,2025-04-24,Lead,33,18,3,0.0488,2,1,Yes,No,0,0,No Deal,T5
HS-10274,Huỳnh Thanh Hằng,Nam,36,contact10274@gmail.com,84959187251,TP.HCM,Sales Executive,—,5+ lần/tuần,Hybrid,Combo Office-Gym Set,TikTok Ads,tiktok_ads,cpc,tech_wear_t4_2025,2025-04-21,2025-04-26,Lead,36,21,4,0.0503,9,6,No,No,0,0,No Deal,T5
HS-10275,Lý Quốc Mai,Nam,27,contact10275@gmail.com,84943426742,Đồng Nai,Freelancer,—,Không đi,Hybrid,Combo Office-Gym Set,Facebook Ads,facebook_ads,cpc,tech_wear_t4_2025,2025-04-22,2025-04-11,Lead,32,17,3,0.1501,2,1,Yes,No,0,0,No Deal,T5
HS-10276,Lê Dũng,Nam,25,contact10276@gmail.com,84946754929,Đồng Nai,Marketing Executive,—,3-4 lần/tuần,Remote,Áo Thun Kỹ Thuật,Facebook Ads,facebook_ads,cpc,tech_wear_t4_2025,2025-04-21,2025-04-06,Lead,35,20,7,0.1129,2,1,No,No,0,0,No Deal,T5
HS-10277,Phan Minh Hải,Nam,30,contact10277@gmail.com,84914671009,Hà Nội,Engineer,—,5+ lần/tuần,Hybrid,Combo Office-Gym Set,Google Search,google_search,organic,tech_wear_t4_2025,2025-04-02,2025-04-10,Lead,32,17,2,0.1917,5,2,No,No,0,0,No Deal,T5
HS-10278,Dương Minh,Nam,31,contact10278@gmail.com,84998118252,Hà Nội,Accountant,—,3-4 lần/tuần,Không áp dụng,Combo Office-Gym Set,Google Search,google_search,organic,tech_wear_t4_2025,2025-04-25,2025-04-05,Lead,32,17,2,0.1974,1,1,Yes,No,0,0,No Deal,T5
HS-10279,Võ Quốc Hải,Nữ,20,contact10279@gmail.com,84901861663,Hà Nội,Sales Executive,—,5+ lần/tuần,Văn phòng toàn thời gian,Combo Office-Gym Set,Facebook Ads,facebook_ads,cpc,tech_wear_t4_2025,2025-04-07,2025-04-09,Lead,33,18,2,0.0367,0,1,No,No,0,0,No Deal,T5
HS-10280,Vũ Tâm,Nam,23,contact10280@gmail.com,84949382042,TP.HCM,Freelancer,—,1-2 lần/tuần,Remote,Áo Polo Ex-Dry,TikTok Ads,tiktok_ads,cpc,tech_wear_t4_2025,2025-04-14,2025-04-27,Customer,40,25,4,0.0622,2,1,No,Yes,2,1031771,Closed Won,T5
HS-10281,Hoàng Thanh Bảo,Nam,26,contact10281@gmail.com,84995190439,Hà Nội,Business Analyst,—,1-2 lần/tuần,Remote,Áo Polo Ex-Dry,Facebook Ads,facebook_ads,cpc,tech_wear_t4_2025,2025-04-17,2025-04-24,Lead,36,21,2,0.0526,5,1,No,No,0,0,No Deal,T5
HS-10282,Hồ Văn Linh,Nam,25,contact10282@gmail.com,84986814419,Hà Nội,Designer,—,1-2 lần/tuần,Hybrid,Quần Short Thể Thao,Facebook Ads,facebook_ads,cpc,tech_wear_t4_2025,2025-04-18,2025-04-17,Lead,37,22,3,0.1756,1,1,Yes,No,0,0,No Deal,T5
HS-10283,Trần Quốc Vy,Nữ,31,contact10283@gmail.com,84983500774,TP.HCM,Business Analyst,—,3-4 lần/tuần,Không áp dụng,Quần Jogger Anti-Smell,Google Search,google_search,organic,tech_wear_t5_2025,2025-05-09,2025-05-01,Subscriber,14,0,1,0.0654,1,1,No,No,0,0,No Deal,T5
HS-10284,Lý Quốc Tú,Nữ,28,contact10284@gmail.com,84939135247,TP.HCM,Business Analyst,—,3-4 lần/tuần,Không áp dụng,Áo Thun Kỹ Thuật,TikTok Ads,tiktok_ads,cpc,tech_wear_t5_2025,2025-05-03,2025-05-17,Subscriber,2,-12,1,0.127,0,1,No,No,0,0,No Deal,T5
HS-10285,Huỳnh Quốc Minh,Nam,29,contact10285@gmail.com,84933530980,TP.HCM,HR Manager,—,1-2 lần/tuần,Hybrid,Quần Short Thể Thao,TikTok Ads,tiktok_ads,cpc,tech_wear_t5_2025,2025-05-02,2025-05-15,Subscriber,5,-9,1,0.1545,0,1,Yes,No,0,0,No Deal,T5
HS-10286,Hồ Thanh Diễm,Nam,30,contact10286@gmail.com,84973169183,Đồng Nai,Engineer,—,5+ lần/tuần,Remote,Quần Jogger Anti-Smell,Facebook Ads,facebook_ads,cpc,tech_wear_t5_2025,2025-05-14,2025-05-18,Subscriber,9,-5,0,0.0489,0,1,No,No,0,0,No Deal,T5
HS-10287,Lý Quốc Tuấn,Nam,20,contact10287@gmail.com,84991937170,Hà Nội,Freelancer,—,3-4 lần/tuần,Remote,Combo Office-Gym Set,Facebook Ads,facebook_ads,cpc,tech_wear_t5_2025,2025-05-05,2025-05-05,Subscriber,2,-12,1,0.0185,3,2,Yes,No,0,0,No Deal,T5
HS-10288,Ngô Hữu Kiên,Nam,31,contact10288@gmail.com,84900393186,Đồng Nai,Content Creator,—,3-4 lần/tuần,Văn phòng toàn thời gian,Combo Office-Gym Set,Facebook Ads,facebook_ads,cpc,tech_wear_t5_2025,2025-05-11,2025-05-12,Subscriber,8,-6,2,0.0761,3,2,No,No,0,0,No Deal,T5
HS-10289,Lý Hữu Trang,Nam,26,contact10289@gmail.com,84920030723,Đà Nẵng,Freelancer,—,Không đi,Văn phòng toàn thời gian,Áo Polo Ex-Dry,Google Search,google_search,organic,tech_wear_t5_2025,2025-05-25,2025-05-19,Subscriber,13,-1,0,0.104,0,1,Yes,No,0,0,No Deal,T5
HS-10290,Hồ Văn Tâm,Nam,25,contact10290@gmail.com,84905870747,Hà Nội,Freelancer,—,Không đi,Văn phòng toàn thời gian,Áo Polo Ex-Dry,Facebook Ads,facebook_ads,cpc,tech_wear_t5_2025,2025-05-14,2025-05-06,Subscriber,8,-6,1,0.1025,0,1,No,No,0,0,No Deal,T5
HS-10291,Đỗ Quốc Trang,Nữ,29,contact10291@gmail.com,84993251466,Bình Dương,HR Manager,—,1-2 lần/tuần,Văn phòng toàn thời gian,Quần Jogger Anti-Smell,Facebook Ads,facebook_ads,cpc,tech_wear_t5_2025,2025-05-03,2025-05-20,Subscriber,9,-5,0,0.0295,6,4,Yes,No,0,0,No Deal,T5
HS-10292,Dương Lan,Nam,25,contact10292@gmail.com,84976696582,Cần Thơ,Business Analyst,—,1-2 lần/tuần,Hybrid,Áo Thun Kỹ Thuật,TikTok Ads,tiktok_ads,cpc,tech_wear_t5_2025,2025-05-07,2025-05-07,Subscriber,8,-6,0,0.0516,0,1,No,No,0,0,No Deal,T5
HS-10293,Lê Quốc Hải,Nam,25,contact10293@gmail.com,84904721005,Bình Dương,Sales Executive,—,Không đi,Không áp dụng,Quần Jogger Anti-Smell,Google Search,google_search,organic,tech_wear_t5_2025,2025-05-19,2025-05-26,Subscriber,9,-5,0,0.1805,0,1,Yes,No,0,0,No Deal,T5
HS-10294,Dương Đức Mai,Nam,27,contact10294@gmail.com,84948750875,TP.HCM,Designer,—,1-2 lần/tuần,Văn phòng toàn thời gian,Combo Office-Gym Set,TikTok Ads,tiktok_ads,cpc,tech_wear_t5_2025,2025-05-15,2025-05-14,Subscriber,11,-3,0,0.0928,0,1,Yes,No,0,0,No Deal,T5
HS-10295,Hồ Văn Long,Nam,27,contact10295@gmail.com,84924336228,TP.HCM,HR Manager,—,1-2 lần/tuần,Remote,Áo Thun Kỹ Thuật,Facebook Ads,facebook_ads,cpc,tech_wear_t5_2025,2025-05-01,2025-05-15,Subscriber,3,-11,0,0.0177,2,1,No,No,0,0,No Deal,T5
HS-10296,Huỳnh Đức Linh,Nữ,26,contact10296@gmail.com,84927644667,TP.HCM,Accountant,—,3-4 lần/tuần,Văn phòng toàn thời gian,Quần Jogger Anti-Smell,Facebook Ads,facebook_ads,cpc,tech_wear_t5_2025,2025-05-14,2025-05-22,Subscriber,6,-8,0,0.0347,6,4,No,No,0,0,No Deal,T5
HS-10297,Huỳnh Minh,Nữ,25,contact10297@gmail.com,84920549596,TP.HCM,Designer,—,1-2 lần/tuần,Remote,Quần Jogger Anti-Smell,TikTok Ads,tiktok_ads,cpc,tech_wear_t5_2025,2025-05-21,2025-05-05,Subscriber,5,-9,0,0.122,1,1,No,No,0,0,No Deal,T5
HS-10298,Ngô Thanh Tuấn,Nam,28,contact10298@gmail.com,84902780877,TP.HCM,Accountant,—,3-4 lần/tuần,Remote,Áo Polo Ex-Dry,Facebook Ads,facebook_ads,cpc,tech_wear_t5_2025,2025-05-24,2025-05-22,Subscriber,12,-2,0,0.0587,0,1,No,No,0,0,No Deal,T5
HS-10299,Đỗ Quốc Tâm,Nam,33,contact10299@gmail.com,84962366569,TP.HCM,Operations Manager,—,3-4 lần/tuần,Văn phòng toàn thời gian,Áo Polo Ex-Dry,Facebook Ads,facebook_ads,cpc,tech_wear_t5_2025,2025-05-09,2025-05-02,Subscriber,8,-6,2,0.123,14,11,No,No,0,0,No Deal,T5
HS-10300,Phạm Dũng,Nam,24,contact10300@gmail.com,84922295574,Đồng Nai,Business Analyst,—,Không đi,Không áp dụng,Combo Office-Gym Set,TikTok Ads,tiktok_ads,cpc,tech_wear_t5_2025,2025-05-25,2025-05-13,Subscriber,2,-12,1,0.0177,1,1,No,No,0,0,No Deal,T5
HS-10301,Ngô Văn Long,Nam,32,contact10301@gmail.com,84922736538,Bình Dương,Business Analyst,—,5+ lần/tuần,Văn phòng toàn thời gian,Áo Thun Kỹ Thuật,Facebook Ads,facebook_ads,cpc,tech_wear_t5_2025,2025-05-10,2025-05-17,Subscriber,2,-12,1,0.1675,2,1,No,No,0,0,No Deal,T5
HS-10302,Đỗ Quốc Thảo,Nam,33,contact10302@gmail.com,84979646633,Hà Nội,Freelancer,—,3-4 lần/tuần,Không áp dụng,Áo Polo Ex-Dry,Email Marketing,email_marketing,organic,tech_wear_t5_2025,2025-05-07,2025-05-18,Subscriber,13,-1,1,0.0732,0,1,No,No,0,0,No Deal,T5
HS-10303,Đặng Bảo Lan,Nam,26,contact10303@gmail.com,84941265043,Đồng Nai,Designer,—,1-2 lần/tuần,Không áp dụng,Áo Polo Ex-Dry,Email Marketing,email_marketing,organic,tech_wear_t5_2025,2025-05-26,2025-05-27,Subscriber,12,-2,0,0.0267,0,1,No,No,0,0,No Deal,T5
HS-10304,Huỳnh Hữu Linh,Nữ,25,contact10304@gmail.com,84906900725,Cần Thơ,Accountant,—,3-4 lần/tuần,Remote,Áo Polo Ex-Dry,Google Search,google_search,organic,tech_wear_t5_2025,2025-05-03,2025-05-27,Subscriber,12,-2,1,0.0563,1,1,Yes,No,0,0,No Deal,T5
HS-10305,Lý Thành,Nam,29,contact10305@gmail.com,84900834938,Hà Nội,Content Creator,—,1-2 lần/tuần,Hybrid,Quần Jogger Anti-Smell,Organic Search,organic_search,organic,tech_wear_t5_2025,2025-05-04,2025-05-05,Subscriber,8,-6,2,0.0914,2,1,Yes,No,0,0,No Deal,T5
HS-10306,Phan Văn Thảo,Nam,28,contact10306@gmail.com,84975918473,TP.HCM,Accountant,—,5+ lần/tuần,Remote,Áo Polo Ex-Dry,TikTok Ads,tiktok_ads,cpc,tech_wear_t5_2025,2025-05-17,2025-05-04,Subscriber,12,-2,0,0.095,1,1,No,No,0,0,No Deal,T5
HS-10307,Đặng Minh Hải,Nam,28,contact10307@gmail.com,84907562635,TP.HCM,Sales Executive,—,5+ lần/tuần,Hybrid,Combo Office-Gym Set,TikTok Ads,tiktok_ads,cpc,tech_wear_t5_2025,2025-05-13,2025-05-02,Subscriber,4,-10,1,0.0339,0,1,No,No,0,0,No Deal,T5
HS-10308,Huỳnh Hải,Nữ,32,contact10308@gmail.com,84956115525,TP.HCM,Teacher,—,Không đi,Hybrid,Quần Short Thể Thao,TikTok Ads,tiktok_ads,cpc,tech_wear_t5_2025,2025-05-11,2025-05-07,Subscriber,9,-5,2,0.0418,4,3,Yes,No,0,0,No Deal,T5
HS-10309,Hồ Minh Hoa,Nam,20,contact10309@gmail.com,84937387970,Hà Nội,Sales Executive,—,3-4 lần/tuần,Không áp dụng,Áo Polo Ex-Dry,Facebook Ads,facebook_ads,cpc,tech_wear_t5_2025,2025-05-14,2025-05-27,Subscriber,2,-12,5,0.1405,2,1,No,No,0,0,No Deal,T5
HS-10310,Hồ Thanh Khoa,Nam,31,contact10310@gmail.com,84979519398,TP.HCM,Engineer,—,Không đi,Hybrid,Áo Polo Ex-Dry,TikTok Ads,tiktok_ads,cpc,tech_wear_t5_2025,2025-05-14,2025-05-24,Subscriber,6,-8,1,0.0127,3,2,No,No,0,0,No Deal,T5
HS-10311,Hoàng Phúc,Nam,27,contact10311@gmail.com,84970690175,Hải Phòng,Business Analyst,—,Không đi,Remote,Combo Office-Gym Set,Google Search,google_search,organic,tech_wear_t5_2025,2025-05-15,2025-05-19,Subscriber,2,-12,1,0.0873,1,1,No,No,0,0,No Deal,T5
HS-10312,Võ Hữu Long,Nam,25,contact10312@gmail.com,84926170235,Hà Nội,HR Manager,—,1-2 lần/tuần,Không áp dụng,Áo Thun Kỹ Thuật,Email Marketing,email_marketing,organic,tech_wear_t5_2025,2025-05-24,2025-05-12,Subscriber,10,-4,2,0.0547,0,1,Yes,No,0,0,No Deal,T5
HS-10313,Huỳnh Thị Long,Nam,28,contact10313@gmail.com,84916916781,Hà Nội,Engineer,—,Không đi,Remote,Quần Jogger Anti-Smell,Facebook Ads,facebook_ads,cpc,tech_wear_t5_2025,2025-05-12,2025-05-06,Subscriber,7,-7,1,0.0689,1,1,No,No,0,0,No Deal,T5
HS-10314,Hồ Long,Nam,26,contact10314@gmail.com,84927299045,TP.HCM,Product Manager,—,3-4 lần/tuần,Remote,Combo Office-Gym Set,Facebook Ads,facebook_ads,cpc,tech_wear_t5_2025,2025-05-06,2025-05-03,Subscriber,8,-6,0,0.0601,4,3,No,No,0,0,No Deal,T5
HS-10315,Đặng Quốc Nam,Nam,24,contact10315@gmail.com,84945807748,Hà Nội,Teacher,—,3-4 lần/tuần,Hybrid,Áo Polo Ex-Dry,TikTok Ads,tiktok_ads,cpc,tech_wear_t5_2025,2025-05-02,2025-05-24,Subscriber,12,-2,0,0.1601,1,1,No,No,0,0,No Deal,T5
HS-10316,Hoàng Bảo Nhung,Nam,21,contact10316@gmail.com,84964402892,TP.HCM,Business Analyst,—,1-2 lần/tuần,Remote,Quần Short Thể Thao,Organic Search,organic_search,organic,tech_wear_t5_2025,2025-05-24,2025-05-22,Subscriber,5,-9,2,0.1709,0,1,No,No,0,0,No Deal,T5
HS-10317,Đặng Vy,Nam,30,contact10317@gmail.com,84958159529,TP.HCM,Operations Manager,—,3-4 lần/tuần,Remote,Combo Office-Gym Set,Google Search,google_search,organic,tech_wear_t5_2025,2025-05-01,2025-05-24,Subscriber,12,-2,1,0.0732,0,1,Yes,No,0,0,No Deal,T5
HS-10318,Hồ Đức Bảo,Nam,22,contact10318@gmail.com,84991912341,TP.HCM,Sales Executive,—,3-4 lần/tuần,Remote,Áo Thun Kỹ Thuật,Google Search,google_search,organic,tech_wear_t5_2025,2025-05-10,2025-05-11,Subscriber,9,-5,0,0.1615,2,1,No,No,0,0,No Deal,T5
HS-10319,Ngô Đức Nhung,Nam,27,contact10319@gmail.com,84944607689,Hà Nội,Business Analyst,—,Không đi,Remote,Áo Thun Kỹ Thuật,Google Search,google_search,organic,tech_wear_t5_2025,2025-05-05,2025-05-04,Subscriber,3,-11,3,0.0113,1,1,No,No,0,0,No Deal,T5
HS-10320,Hoàng Nhung,Nam,29,contact10320@gmail.com,84907061944,Đồng Nai,Designer,—,Không đi,Không áp dụng,Áo Polo Ex-Dry,Organic Search,organic_search,organic,tech_wear_t5_2025,2025-05-26,2025-05-22,Subscriber,11,-3,0,0.1009,2,1,No,No,0,0,No Deal,T5
HS-10321,Dương Bảo Hằng,Nam,24,contact10321@gmail.com,84948701012,Hà Nội,Freelancer,—,3-4 lần/tuần,Văn phòng toàn thời gian,Áo Thun Kỹ Thuật,TikTok Ads,tiktok_ads,cpc,tech_wear_t5_2025,2025-05-16,2025-05-22,Subscriber,6,-8,1,0.0679,1,1,No,No,0,0,No Deal,T5
HS-10322,Hồ Đức Long,Nam,30,contact10322@gmail.com,84915954465,Đà Nẵng,Freelancer,—,5+ lần/tuần,Văn phòng toàn thời gian,Áo Polo Ex-Dry,Google Search,google_search,organic,tech_wear_t5_2025,2025-05-02,2025-05-07,Subscriber,13,-1,0,0.0273,1,1,Yes,No,0,0,No Deal,T5
HS-10323,Lý Thị Hương,Nam,26,contact10323@gmail.com,84979207198,Hà Nội,Marketing Executive,—,1-2 lần/tuần,Hybrid,Áo Polo Ex-Dry,Facebook Ads,facebook_ads,cpc,tech_wear_t5_2025,2025-05-10,2025-05-08,Subscriber,11,-3,4,0.0091,0,1,Yes,No,0,0,No Deal,T5
HS-10324,Lê Ngọc,Nam,23,contact10324@gmail.com,84987289289,TP.HCM,Sales Executive,—,1-2 lần/tuần,Không áp dụng,Combo Office-Gym Set,Google Search,google_search,organic,tech_wear_t5_2025,2025-05-10,2025-05-22,Subscriber,10,-4,0,0.0499,5,4,Yes,No,0,0,No Deal,T5
